label,x0,y0,z0,x1,y1,z1,x2,y2,z2,x3,y3,z3,x4,y4,z4,x5,y5,z5,x6,y6,z6,x7,y7,z7,x8,y8,z8,x9,y9,z9,x10,y10,z10,x11,y11,z11,x12,y12,z12,x13,y13,z13,x14,y14,z14,x15,y15,z15,x16,y16,z16,x17,y17,z17,x18,y18,z18,x19,y19,z19,x20,y20,z20
A,0.7420687079429626,0.90292888879776,4.382851841455704e-07,0.661571741104126,0.8471047282218933,-0.02236764319241047,0.5920577645301819,0.7049548625946045,-0.025751274079084396,0.5533844232559204,0.5797195434570312,-0.029072705656290054,0.5108407139778137,0.5122557878494263,-0.03223104029893875,0.6376950740814209,0.5003493428230286,0.002952810376882553,0.6083961129188538,0.3589800298213959,-0.010088125243782997,0.5946831703186035,0.26943838596343994,-0.025225142017006874,0.5856750011444092,0.18818235397338867,-0.039148762822151184,0.692251980304718,0.46927452087402344,-0.004949931520968676,0.6748296618461609,0.29825371503829956,-0.014332832768559456,0.6645864844322205,0.19153067469596863,-0.029954705387353897,0.6547391414642334,0.0982513502240181,-0.04337801784276962,0.7485980987548828,0.48077818751335144,-0.018491161987185478,0.7450041174888611,0.31913092732429504,-0.03707892820239067,0.7400001883506775,0.21055234968662262,-0.055729400366544724,0.7326959371566772,0.11268719285726547,-0.07061602175235748,0.805934488773346,0.526414692401886,-0.03457201272249222,0.8380063772201538,0.4175938069820404,-0.05508182570338249,0.8607003092765808,0.33968430757522583,-0.06671743839979172,0.8795614838600159,0.2652094066143036,-0.07590990513563156
A,0.741547167301178,0.9410324096679688,4.0049522453955433e-07,0.6620274782180786,0.8764245510101318,-0.020804589614272118,0.5929808616638184,0.7243116497993469,-0.022584708407521248,0.5511112809181213,0.6051478981971741,-0.025330832228064537,0.5063851475715637,0.5380399227142334,-0.02727152593433857,0.645961582660675,0.5203346610069275,0.012718801386654377,0.6116935014724731,0.3860468566417694,0.003456564387306571,0.595110297203064,0.30294227600097656,-0.007906459271907806,0.5839529037475586,0.23312261700630188,-0.0185018889605999,0.7034881114959717,0.4948956370353699,0.00496840151026845,0.6848050951957703,0.3280266225337982,0.0004394026182126254,0.6756291389465332,0.22994796931743622,-0.008971459232270718,0.6676653623580933,0.14747877418994904,-0.016851482912898064,0.7617154121398926,0.5113787651062012,-0.00942304078489542,0.7613836526870728,0.3589267134666443,-0.025773363187909126,0.7597547173500061,0.25859320163726807,-0.039554890245199203,0.7564205527305603,0.1687617301940918,-0.049644142389297485,0.8176430463790894,0.5603331923484802,-0.026514723896980286,0.8518105149269104,0.4564753472805023,-0.0462171733379364,0.8761743903160095,0.3836115896701813,-0.05556318908929825,0.8962960243225098,0.31183332204818726,-0.061949472874403
A,0.7396806478500366,0.9498206377029419,3.830105868019018e-07,0.6582733988761902,0.8772765398025513,-0.01898588053882122,0.5908148288726807,0.7207304835319519,-0.019500691443681717,0.5506652593612671,0.6012168526649475,-0.020905766636133194,0.5092587471008301,0.5330020785331726,-0.022343633696436882,0.648188591003418,0.5232089757919312,0.008979625068604946,0.6145777106285095,0.3837115466594696,-0.0016122730448842049,0.5992357730865479,0.29606419801712036,-0.014158223755657673,0.5891430974006653,0.2177346646785736,-0.0264052152633667,0.7068644165992737,0.49672433733940125,-0.000796776614151895,0.6935124397277832,0.3238604962825775,-0.008952049538493156,0.6859395503997803,0.21851040422916412,-0.022981926798820496,0.6777965426445007,0.12556909024715424,-0.034788720309734344,0.7645288109779358,0.5150572061538696,-0.016408806666731834,0.7702964544296265,0.35497793555259705,-0.03662924841046333,0.770814836025238,0.2467191368341446,-0.05620047077536583,0.7679469585418701,0.14536863565444946,-0.07092620432376862,0.8194013237953186,0.5684104561805725,-0.03402123972773552,0.8608136773109436,0.4640640318393707,-0.05766116827726364,0.8904035091400146,0.3870474398136139,-0.07124803215265274,0.9142637848854065,0.30906423926353455,-0.08129788190126419
A,0.7071776986122131,0.9221460819244385,-9.459382681598072e-07,0.6591628193855286,0.81076580286026,-0.006254865787923336,0.6512596607208252,0.6213905215263367,-0.008075535297393799,0.6783002018928528,0.4874019920825958,-0.016707736998796463,0.701758086681366,0.39328452944755554,-0.019403982907533646,0.7139500379562378,0.4981379508972168,0.02032572589814663,0.7078412771224976,0.36873507499694824,-0.019290447235107422,0.6677414178848267,0.36895808577537537,-0.027004815638065338,0.641472578048706,0.40361666679382324,-0.02346152439713478,0.7563065886497498,0.5186954140663147,0.005993630271404982,0.7058631181716919,0.4289499819278717,-0.03989758715033531,0.6683338284492493,0.570866584777832,-0.02971983328461647,0.6878466010093689,0.6217210292816162,-0.006863764487206936,0.7977349162101746,0.566007137298584,-0.017509054392576218,0.7382932305335999,0.49730804562568665,-0.06759459525346756,0.7090706825256348,0.6401442289352417,-0.03985488787293434,0.7337892055511475,0.6838335394859314,-0.007050436921417713,0.8334940671920776,0.6302891373634338,-0.04306774586439133,0.7766131162643433,0.5834600925445557,-0.07414765655994415,0.7490599751472473,0.671409547328949,-0.05939970910549164,0.7706285119056702,0.7009320259094238,-0.04001876711845398
A,0.723942756652832,0.9573984146118164,4.467881637992832e-07,0.6553506255149841,0.8665980696678162,-0.021878758445382118,0.6096311807632446,0.7063169479370117,-0.02960359677672386,0.5827795267105103,0.5836085081100464,-0.03773454204201698,0.5470847487449646,0.49570268392562866,-0.04670338332653046,0.6789353489875793,0.5036478638648987,-0.007687481120228767,0.664681613445282,0.34505537152290344,-0.025081118568778038,0.6583294868469238,0.2454955130815506,-0.0425112321972847,0.6567296981811523,0.15527896583080292,-0.05844305455684662,0.737765371799469,0.4963650405406952,-0.019696803763508797,0.7431119084358215,0.31005242466926575,-0.03634756803512573,0.7478839755058289,0.19484998285770416,-0.05744031071662903,0.7515954971313477,0.09177310764789581,-0.07474468648433685,0.7916073203086853,0.5357798337936401,-0.03660641983151436,0.8189113736152649,0.3638775646686554,-0.06460697203874588,0.8378740549087524,0.2490289807319641,-0.09079816192388535,0.8520951271057129,0.1403302103281021,-0.11033327877521515,0.8391085267066956,0.6122720837593079,-0.054961949586868286,0.8991653323173523,0.5077574253082275,-0.08484701812267303,0.943428099155426,0.43406298756599426,-0.10263793915510178,0.9805318117141724,0.3590177297592163,-0.1158909872174263
A,0.7584338188171387,0.971330463886261,3.958039940243907e-07,0.6795567274093628,0.8903951644897461,-0.028789879754185677,0.6269623637199402,0.737873911857605,-0.040482427924871445,0.608359694480896,0.5971636772155762,-0.05148107558488846,0.5952829122543335,0.4748704135417938,-0.06052124872803688,0.677176296710968,0.5474364161491394,-0.00481775589287281,0.6624930500984192,0.4069784879684448,-0.03046537935733795,0.6429244875907898,0.337872713804245,-0.054391924291849136,0.6198864579200745,0.2801111042499542,-0.07120988517999649,0.7345800995826721,0.5233891606330872,-0.011947433464229107,0.7345283031463623,0.3435074985027313,-0.02913065440952778,0.7281270623207092,0.2319256216287613,-0.04918202385306358,0.7173110246658325,0.1290835738182068,-0.06487780064344406,0.7893542647361755,0.5461094379425049,-0.02604897879064083,0.7995430827140808,0.3753461539745331,-0.05158869922161102,0.8021876215934753,0.26734480261802673,-0.07143943011760712,0.7993059754371643,0.1620400995016098,-0.08557642996311188,0.8416813015937805,0.6028575897216797,-0.042955368757247925,0.8829355835914612,0.4819161891937256,-0.06858111172914505,0.9129765629768372,0.395345538854599,-0.08072556555271149,0.9365541338920593,0.30904313921928406,-0.08895428478717804
A,0.7811576128005981,0.9784871935844421,1.0916484427525575e-07,0.8027333617210388,0.7951245903968811,0.02114129066467285,0.7964379191398621,0.6228540539741516,0.017327897250652313,0.7686700224876404,0.49232250452041626,0.010439223609864712,0.7351697683334351,0.40206652879714966,4.574120612232946e-05,0.8132686018943787,0.5461245179176331,-0.046558085829019547,0.8168317079544067,0.34159785509109497,-0.08224521577358246,0.8153106570243835,0.21569988131523132,-0.10200797766447067,0.8167754411697388,0.1084328293800354,-0.11367954313755035,0.7952859401702881,0.6043938994407654,-0.06974240392446518,0.7262070775032043,0.36893177032470703,-0.10665599256753922,0.6478592157363892,0.2811964452266693,-0.11652480065822601,0.591231107711792,0.23675742745399475,-0.12076671421527863,0.7554548382759094,0.671845018863678,-0.08834317326545715,0.6684483885765076,0.46828415989875793,-0.11986649036407471,0.5933437943458557,0.394386887550354,-0.12419544160366058,0.5458594560623169,0.35867777466773987,-0.12272197008132935,0.7061339616775513,0.7412840723991394,-0.10307754576206207,0.6249840259552002,0.600290060043335,-0.12597911059856415,0.5726705193519592,0.5460458397865295,-0.12883059680461884,0.53766930103302,0.5092921853065491,-0.12689583003520966
A,0.7163586020469666,0.9925469160079956,-1.9807447415587376e-07,0.6573373675346375,0.8974245190620422,-0.02710852399468422,0.6238739490509033,0.7112234830856323,-0.04314521327614784,0.61977618932724,0.5655387043952942,-0.06586752086877823,0.6062778234481812,0.451742023229599,-0.08691858500242233,0.6803005337715149,0.527554988861084,0.007231081370264292,0.6857119798660278,0.3719017207622528,-0.020078210160136223,0.6775296926498413,0.2672317922115326,-0.03232443332672119,0.6836931705474854,0.185368150472641,-0.04021080583333969,0.7284086346626282,0.5435190796852112,-0.005878049414604902,0.7338864207267761,0.3586164116859436,-0.05397772789001465,0.6846666932106018,0.47026529908180237,-0.05606478825211525,0.6715285778045654,0.5593454241752625,-0.03945240378379822,0.7733742594718933,0.5862457156181335,-0.026909049600362778,0.7869023680686951,0.4179891049861908,-0.0742265060544014,0.7339741587638855,0.5209935903549194,-0.057942282408475876,0.7175888419151306,0.616675615310669,-0.030522111803293228,0.8162728548049927,0.6521682143211365,-0.05202864482998848,0.82199627161026,0.5137736201286316,-0.0788242518901825,0.7775433659553528,0.5625641942024231,-0.06614332646131516,0.7583717107772827,0.6379948258399963,-0.04825839027762413
A,0.7385066151618958,1.0168873071670532,-9.769297548700706e-07,0.6801859140396118,0.8656516671180725,-0.02365822158753872,0.6649225950241089,0.680777907371521,-0.03345545381307602,0.6643925309181213,0.5379344820976257,-0.04380806162953377,0.648465096950531,0.42189013957977295,-0.04761802405118942,0.7636833190917969,0.5648111701011658,0.0031615509651601315,0.7038812041282654,0.5393916964530945,-0.03465871512889862,0.6890295147895813,0.6623989343643188,-0.05649276077747345,0.6883281469345093,0.7469432950019836,-0.06494156271219254,0.8171000480651855,0.5934627652168274,-0.0007393165142275393,0.7539190053939819,0.5944611430168152,-0.03987177833914757,0.7277992367744446,0.7465502023696899,-0.050814129412174225,0.7324084639549255,0.8173245787620544,-0.049753572791814804,0.8645216226577759,0.6607933640480042,-0.01109789963811636,0.8155221939086914,0.642423152923584,-0.052091434597969055,0.7776793241500854,0.7753515839576721,-0.03659303858876228,0.7767808437347412,0.8366665840148926,-0.015343211591243744,0.9039700627326965,0.74638831615448,-0.02387073263525963,0.8763635754585266,0.7047280073165894,-0.04513568803668022,0.8355545997619629,0.7796118855476379,-0.026761218905448914,0.8285906910896301,0.815741240978241,-0.0056327031925320625
A,0.8027523159980774,1.0587122440338135,3.99061121925115e-07,0.8326716423034668,0.869466245174408,0.005315297283232212,0.8246381282806396,0.7033444046974182,-0.012503924779593945,0.788109540939331,0.5707734823226929,-0.02970363385975361,0.743797779083252,0.4859020411968231,-0.05230867117643356,0.8549842834472656,0.6244083046913147,-0.07678184658288956,0.8752433061599731,0.4421340823173523,-0.12006648629903793,0.889886736869812,0.3203558027744293,-0.1446579545736313,0.9012287855148315,0.21379908919334412,-0.16006091237068176,0.8348631858825684,0.6990176439285278,-0.09412188827991486,0.727770984172821,0.466128945350647,-0.13227587938308716,0.6534715890884399,0.34900373220443726,-0.1475803107023239,0.5997676253318787,0.2708861529827118,-0.16065940260887146,0.791683554649353,0.7826699018478394,-0.1061270609498024,0.6625274419784546,0.5979796051979065,-0.1444818526506424,0.5935932397842407,0.5455425977706909,-0.1478654444217682,0.5529760122299194,0.5279039144515991,-0.14625266194343567,0.7403563857078552,0.8592751026153564,-0.11457221955060959,0.6402072310447693,0.7251894474029541,-0.14346036314964294,0.6023977398872375,0.6918165683746338,-0.1432788223028183,0.5842300653457642,0.669225811958313,-0.13884678483009338
A,0.714485764503479,1.0661126375198364,5.773527504970843e-07,0.6382591724395752,0.9954730868339539,-0.03780514746904373,0.5841149687767029,0.8734254837036133,-0.05873933061957359,0.5554662346839905,0.7575157880783081,-0.07749719172716141,0.5218774676322937,0.6483337879180908,-0.09594493359327316,0.6423638463020325,0.6357125639915466,-0.030886420980095863,0.6138745546340942,0.4698762893676758,-0.0586080364882946,0.6004664301872253,0.36196160316467285,-0.08183778822422028,0.5947691202163696,0.2650918960571289,-0.09998256713151932,0.7075146436691284,0.6136990189552307,-0.0377446748316288,0.6980530619621277,0.4134919047355652,-0.061563994735479355,0.6933382153511047,0.28521057963371277,-0.08693196624517441,0.6916607618331909,0.17130212485790253,-0.10632132738828659,0.7698851227760315,0.6443278789520264,-0.05006982386112213,0.783186137676239,0.45903483033180237,-0.08224659413099289,0.793326199054718,0.33356499671936035,-0.11034496128559113,0.8012772798538208,0.21735484898090363,-0.13062649965286255,0.8284703493118286,0.7154043316841125,-0.06498757004737854,0.8812572956085205,0.6074153184890747,-0.09765677154064178,0.9203347563743591,0.5310508012771606,-0.11593933403491974,0.953316867351532,0.45635223388671875,-0.1283210963010788
A,0.7416397333145142,0.953146755695343,-4.112729925509484e-07,0.68189537525177,0.8618745803833008,-0.022293945774435997,0.6641050577163696,0.6678371429443359,-0.031839169561862946,0.6690026521682739,0.5152581334114075,-0.04664572328329086,0.6557192802429199,0.40593963861465454,-0.05564337223768234,0.719689130783081,0.5205435752868652,0.012548835016787052,0.7428255677223206,0.3484984338283539,-0.025455527007579803,0.7009252309799194,0.3360839784145355,-0.04882766306400299,0.6858464479446411,0.40328964591026306,-0.05675536394119263,0.7623603940010071,0.5235078930854797,0.0026656892150640488,0.8000910878181458,0.3181963562965393,-0.03346822410821915,0.7407481670379639,0.3242025673389435,-0.0448576882481575,0.7159438729286194,0.414550244808197,-0.04109273478388786,0.7996475696563721,0.5540696382522583,-0.016165729612112045,0.8340787291526794,0.36504676938056946,-0.044328778982162476,0.7736983895301819,0.3772014379501343,-0.04277850687503815,0.7518094182014465,0.4591448903083801,-0.03312291204929352,0.8323853015899658,0.6022551655769348,-0.03948820382356644,0.8399943113327026,0.4581557512283325,-0.057458680123090744,0.7944439053535461,0.45710334181785583,-0.055330272763967514,0.7733452916145325,0.5247526168823242,-0.04781736433506012
A,0.726055383682251,0.9584794640541077,-2.2719603975929203e-08,0.6817919611930847,0.7981582283973694,0.009861154481768608,0.6898337602615356,0.6279128789901733,0.011666469275951385,0.7054283022880554,0.52595055103302,0.003423678921535611,0.7130944132804871,0.44141119718551636,-0.008129349909722805,0.7827937602996826,0.508009135723114,0.009002149105072021,0.8067577481269836,0.3421654999256134,-0.013317273929715157,0.8201895952224731,0.23223146796226501,-0.03629979118704796,0.8280311226844788,0.13938124477863312,-0.05702729895710945,0.8074544668197632,0.5469708442687988,-0.02345523238182068,0.8058062791824341,0.35537368059158325,-0.05633394047617912,0.7723466157913208,0.22724774479866028,-0.09096457809209824,0.7353739738464355,0.13030710816383362,-0.11563406884670258,0.8210467100143433,0.6188052296638489,-0.05748170614242554,0.8256036639213562,0.4326787292957306,-0.10155225545167923,0.7772454619407654,0.31375572085380554,-0.13902422785758972,0.7274947762489319,0.23131106793880463,-0.1618444174528122,0.8186847567558289,0.710914671421051,-0.0896771252155304,0.8005152940750122,0.5765208005905151,-0.13671062886714935,0.7482171654701233,0.5082694292068481,-0.16264846920967102,0.6957432627677917,0.4717196822166443,-0.1780785173177719
A,0.7426580190658569,1.0361653566360474,2.2288193690656044e-07,0.6746838092803955,0.921025812625885,-0.02814994566142559,0.6374437808990479,0.7828190922737122,-0.05040077492594719,0.6297520399093628,0.669445276260376,-0.07408947497606277,0.6321911811828613,0.5592644214630127,-0.09726396948099136,0.7326209545135498,0.5743131041526794,-0.016787951812148094,0.7205026745796204,0.4181218147277832,-0.06278112530708313,0.6869189739227295,0.3415362238883972,-0.10347192734479904,0.6503463387489319,0.28790339827537537,-0.12849272787570953,0.7849102020263672,0.5705156326293945,-0.029525185003876686,0.7939062714576721,0.3787391781806946,-0.061509836465120316,0.783169150352478,0.2511242628097534,-0.09259728342294693,0.7695991396903992,0.1366998255252838,-0.1153123751282692,0.8325076103210449,0.6186199188232422,-0.04980231821537018,0.8579233288764954,0.43859994411468506,-0.08463834971189499,0.8594989776611328,0.3122829496860504,-0.11181697994470596,0.856488049030304,0.19188515841960907,-0.1308952271938324,0.8743806481361389,0.7058901786804199,-0.07286569476127625,0.9308021664619446,0.5968758463859558,-0.10238447785377502,0.964845597743988,0.5084099769592285,-0.11826719343662262,0.9896928071975708,0.4138042628765106,-0.12968207895755768
A,0.7582784295082092,1.0184450149536133,-5.749910769736744e-07,0.6930751204490662,0.9066147208213806,-0.026963194832205772,0.6619072556495667,0.7617517709732056,-0.04998352751135826,0.6803147792816162,0.6285312175750732,-0.07927975803613663,0.7524417638778687,0.60932457447052,-0.10097410529851913,0.7411620020866394,0.590613603591919,-0.007491069380193949,0.7545010447502136,0.402396023273468,-0.05490973964333534,0.7100406289100647,0.45902881026268005,-0.0856926366686821,0.7034546732902527,0.5575315356254578,-0.10224511474370956,0.7849864959716797,0.5944302678108215,-0.020064188167452812,0.8255625367164612,0.3823193609714508,-0.06959283351898193,0.767275869846344,0.44150441884994507,-0.08980192989110947,0.7537577152252197,0.5388820767402649,-0.09290661662817001,0.8249335289001465,0.6281875371932983,-0.04014776274561882,0.8767136931419373,0.4181714951992035,-0.07137361168861389,0.8138856291770935,0.46359512209892273,-0.06803002208471298,0.7925142645835876,0.5547055006027222,-0.05787796527147293,0.8587643504142761,0.6911987066268921,-0.0656227394938469,0.8709602355957031,0.5410944223403931,-0.07722118496894836,0.8191102743148804,0.5596736669540405,-0.07155552506446838,0.7974213361740112,0.6401786208152771,-0.06397122144699097
A,0.752623975276947,1.039321780204773,4.943432685422522e-08,0.6844241619110107,0.9737732410430908,-0.03492181748151779,0.6241679787635803,0.8776012063026428,-0.06499739736318588,0.5805913805961609,0.7854419350624084,-0.09657204151153564,0.5872695446014404,0.6881774663925171,-0.12320692837238312,0.6874791979789734,0.6505025625228882,-0.01867738738656044,0.6414236426353455,0.5608131289482117,-0.07385948300361633,0.6280638575553894,0.6475950479507446,-0.11672750860452652,0.6328902840614319,0.740787923336029,-0.13841332495212555,0.737445056438446,0.6083967089653015,-0.02517089806497097,0.7045882940292358,0.43586891889572144,-0.058984220027923584,0.6866393089294434,0.33140501379966736,-0.08738691359758377,0.6718828678131104,0.2261846661567688,-0.10773208737373352,0.7940926551818848,0.6217460036277771,-0.04094500094652176,0.7884809374809265,0.4499330520629883,-0.07654683291912079,0.7848506569862366,0.3452223241329193,-0.09646337479352951,0.7787836194038391,0.24384844303131104,-0.10845566540956497,0.8498729467391968,0.6819986701011658,-0.05992057919502258,0.8868831992149353,0.5671938061714172,-0.08179550617933273,0.9138204455375671,0.4890444576740265,-0.0870908871293068,0.9357439875602722,0.41082051396369934,-0.09012194722890854
A,0.761766791343689,1.0728471279144287,-2.954473359295662e-07,0.6989718079566956,1.0070507526397705,-0.03068888746201992,0.6483872532844543,0.8542153239250183,-0.04653463885188103,0.6317843794822693,0.7368912100791931,-0.0664500817656517,0.6172515153884888,0.6315504908561707,-0.08473007380962372,0.6838083267211914,0.6654089689254761,-0.028071172535419464,0.6731989979743958,0.47105905413627625,-0.060783106833696365,0.6745187640190125,0.3621993660926819,-0.07451195269823074,0.6780675053596497,0.261487752199173,-0.08184416592121124,0.7320754528045654,0.6732902526855469,-0.034416064620018005,0.6888831257820129,0.595456600189209,-0.1131875291466713,0.6761590838432312,0.7640885710716248,-0.1337241679430008,0.6809520721435547,0.8858117461204529,-0.1264963150024414,0.7820193767547607,0.6985476016998291,-0.04482150822877884,0.7474663257598877,0.6176218390464783,-0.12060125917196274,0.7281279563903809,0.7714901566505432,-0.11614727228879929,0.7241535782814026,0.8819534778594971,-0.08812835067510605,0.83148193359375,0.7273152470588684,-0.0571601465344429,0.838322639465332,0.5674986839294434,-0.10497313737869263,0.8342652916908264,0.45852240920066833,-0.1110742911696434,0.8310399651527405,0.34948480129241943,-0.10279185324907303
A,0.7467706799507141,1.0640686750411987,-9.870698249869747e-07,0.7203837037086487,0.8884016275405884,-0.036336906254291534,0.727055013179779,0.693894624710083,-0.05382489785552025,0.7321814894676208,0.5455783605575562,-0.06614533066749573,0.7451127767562866,0.4148184657096863,-0.0707918331027031,0.8179763555526733,0.6277431845664978,-0.053426895290613174,0.6787641048431396,0.621720016002655,-0.08138192445039749,0.6558132767677307,0.7223031520843506,-0.08437111973762512,0.6751409769058228,0.7752105593681335,-0.08394086360931396,0.8518009185791016,0.7201007008552551,-0.05251242220401764,0.6768806576728821,0.7308792471885681,-0.0808912143111229,0.6595213413238525,0.8358089923858643,-0.0746038481593132,0.6827371716499329,0.8825550079345703,-0.06934250146150589,0.861135721206665,0.8289494514465332,-0.056100230664014816,0.6990688443183899,0.8289732336997986,-0.08909141272306442,0.6802858114242554,0.9112047553062439,-0.07387212663888931,0.6944013833999634,0.9602186679840088,-0.06035906448960304,0.8570883274078369,0.9506371021270752,-0.06320314854383469,0.7521549463272095,0.9141194820404053,-0.09425315260887146,0.6829590797424316,0.9045025110244751,-0.09410542994737625,0.6354228258132935,0.8969720005989075,-0.08897711336612701
A,0.7256942987442017,1.1060258150100708,-7.33746617243014e-07,0.6810674667358398,0.9793531894683838,-0.036838799715042114,0.6591116786003113,0.8341960906982422,-0.06635060906410217,0.6544203162193298,0.7250894904136658,-0.09733951091766357,0.6778987050056458,0.6589294075965881,-0.1270529329776764,0.7804666757583618,0.6448992490768433,-0.04090501368045807,0.7760688662528992,0.4532487094402313,-0.08840027451515198,0.7742359638214111,0.32675179839134216,-0.11942227929830551,0.7772842049598694,0.22769369184970856,-0.141311913728714,0.8458865880966187,0.6905584335327148,-0.04833908751606941,0.7544371485710144,0.6501675248146057,-0.11424268037080765,0.6913591027259827,0.7780367732048035,-0.12679602205753326,0.6726926565170288,0.8734689950942993,-0.12069324404001236,0.8828330636024475,0.7861854434013367,-0.06164206191897392,0.7804319858551025,0.7779600620269775,-0.12132416665554047,0.7222046256065369,0.882092297077179,-0.10549499839544296,0.7047830820083618,0.9559751749038696,-0.07993757724761963,0.9002417325973511,0.9095840454101562,-0.07967490702867508,0.8100134134292603,0.9013910293579102,-0.12046843022108078,0.7442114949226379,0.9451577663421631,-0.10984175652265549,0.7106358408927917,0.9842159748077393,-0.09052599221467972
A,0.7709649801254272,1.110235333442688,-2.1186931320471558e-08,0.7132332921028137,0.9921464323997498,-0.03525972366333008,0.6789233088493347,0.8434439301490784,-0.06537070870399475,0.6601619720458984,0.7252849340438843,-0.09882214665412903,0.6793751120567322,0.6261708736419678,-0.12534913420677185,0.7789780497550964,0.7043706774711609,-0.030019225552678108,0.7263429760932922,0.6315991282463074,-0.0844820886850357,0.7094699740409851,0.700542151927948,-0.1199818029999733,0.7102197408676147,0.7544901967048645,-0.13767299056053162,0.8465473055839539,0.7206507921218872,-0.040164560079574585,0.7937078475952148,0.5661917328834534,-0.09725627303123474,0.7675475478172302,0.45090851187705994,-0.13625380396842957,0.7513870596885681,0.34824755787849426,-0.15760812163352966,0.897165060043335,0.7827754020690918,-0.05488482117652893,0.7987505793571472,0.7475106716156006,-0.11978656053543091,0.7317990660667419,0.8696486949920654,-0.12288142740726471,0.6881940960884094,0.9632701873779297,-0.10776759684085846,0.9225664138793945,0.8769276738166809,-0.07252393662929535,0.8255837559700012,0.8721018433570862,-0.1121860146522522,0.7591300010681152,0.9346469044685364,-0.10277663171291351,0.7114625573158264,0.9871572852134705,-0.0857720598578453
A,0.7589833736419678,1.0673902034759521,-7.875205483287573e-07,0.6911789178848267,0.9791534543037415,-0.03981206566095352,0.6539154052734375,0.8424893617630005,-0.0676327794790268,0.6313431859016418,0.7365538477897644,-0.09466543793678284,0.6173580288887024,0.645390510559082,-0.11419330537319183,0.7521435022354126,0.6626896858215332,-0.05872612074017525,0.7055959701538086,0.5776182413101196,-0.104563407599926,0.6730697154998779,0.6979877948760986,-0.11425960808992386,0.6624980568885803,0.7824212312698364,-0.113319993019104,0.8057829737663269,0.6950954794883728,-0.06092118099331856,0.7504323720932007,0.6278845071792603,-0.12605170905590057,0.6994460821151733,0.7917967438697815,-0.1388871818780899,0.6835782527923584,0.891281008720398,-0.1346622258424759,0.8505377173423767,0.763262152671814,-0.06902256608009338,0.7969970107078552,0.7003541588783264,-0.13950961828231812,0.7248591780662537,0.8274440765380859,-0.144850954413414,0.6893277168273926,0.9123305082321167,-0.1300116330385208,0.8852769136428833,0.8406433463096619,-0.07798830419778824,0.9156422019004822,0.7063087821006775,-0.1324516087770462,0.9307854771614075,0.6076829433441162,-0.15395165979862213,0.9450647234916687,0.5091772675514221,-0.15984661877155304
A,0.7408497929573059,1.0721659660339355,-7.986872105902876e-07,0.6769033670425415,0.9786816239356995,-0.030520007014274597,0.6414791941642761,0.8490699529647827,-0.05544232949614525,0.6140115857124329,0.7528663277626038,-0.08133198320865631,0.5828390717506409,0.673182487487793,-0.10118347406387329,0.7398297786712646,0.6623888611793518,-0.04802661016583443,0.6785265803337097,0.6027729511260986,-0.0917179211974144,0.6512697339057922,0.725664496421814,-0.10497260093688965,0.6448751091957092,0.8078561425209045,-0.10746946930885315,0.788261890411377,0.6969590783119202,-0.05444134771823883,0.723109245300293,0.6496424078941345,-0.11574434489011765,0.6779889464378357,0.8118430376052856,-0.1299034059047699,0.6616619825363159,0.9118892550468445,-0.127929225564003,0.8294786810874939,0.7669824361801147,-0.06579989194869995,0.7660965919494629,0.721054196357727,-0.13047175109386444,0.7002670168876648,0.8512064814567566,-0.13442963361740112,0.6690173745155334,0.9398422241210938,-0.1205306351184845,0.8600596189498901,0.8457625508308411,-0.07777582854032516,0.8868113160133362,0.7244551181793213,-0.12775996327400208,0.9045740962028503,0.631772518157959,-0.1470494270324707,0.9218298196792603,0.5380259156227112,-0.15253423154354095
A,0.7516818642616272,1.0657395124435425,-7.838483497835114e-07,0.6798940896987915,0.9733700752258301,-0.025079699233174324,0.6397365927696228,0.8474167585372925,-0.04566451534628868,0.6117137670516968,0.7537940144538879,-0.0671798512339592,0.5802954435348511,0.674968957901001,-0.08206233382225037,0.7334100604057312,0.6561850905418396,-0.044648654758930206,0.6758649945259094,0.6011351943016052,-0.08489327877759933,0.6505665183067322,0.7294308543205261,-0.09452614188194275,0.6466582417488098,0.8110048174858093,-0.09650576114654541,0.783791184425354,0.6899723410606384,-0.05292908474802971,0.7186262607574463,0.6414282321929932,-0.11209603399038315,0.6750963926315308,0.8022317290306091,-0.1229514554142952,0.6625739932060242,0.8958341479301453,-0.12039963901042938,0.826002836227417,0.7564939856529236,-0.06609775125980377,0.7612833976745605,0.7166197299957275,-0.13135531544685364,0.6938158273696899,0.8467565178871155,-0.1349574625492096,0.6612998247146606,0.9303871393203735,-0.12248728424310684,0.8567326664924622,0.8327561616897583,-0.07922548055648804,0.8868581056594849,0.7219220995903015,-0.13557027280330658,0.905166745185852,0.6370951533317566,-0.15960417687892914,0.9216010570526123,0.5435395836830139,-0.1690599024295807
A,0.7988132238388062,1.0743213891983032,-1.1720062502718065e-06,0.7174387574195862,0.934673011302948,-0.035809654742479324,0.6855476498603821,0.7499250173568726,-0.04870990291237831,0.6773772835731506,0.6017366647720337,-0.058927398175001144,0.661376953125,0.4722265601158142,-0.06238700449466705,0.7909355759620667,0.6305519938468933,-0.027387497946619987,0.6900294423103333,0.6491134166717529,-0.07082758843898773,0.655762255191803,0.7713407278060913,-0.08976582437753677,0.6607645750045776,0.8457777500152588,-0.09635739773511887,0.8451307415962219,0.6857778429985046,-0.028474438935518265,0.7236706614494324,0.7236242294311523,-0.0668879896402359,0.6868970394134521,0.8516513705253601,-0.06912807375192642,0.696628749370575,0.9068461060523987,-0.06475381553173065,0.8848925828933716,0.7797052264213562,-0.03756549581885338,0.7641628980636597,0.8272428512573242,-0.0809142217040062,0.7251513600349426,0.9311441779136658,-0.06747357547283173,0.7347066402435303,0.9680809378623962,-0.04911770299077034,0.9143218398094177,0.8892123699188232,-0.04986658692359924,0.8173041939735413,0.9059027433395386,-0.07785850018262863,0.771647572517395,0.957667350769043,-0.06936065107584,0.7654915452003479,0.9808565378189087,-0.05579712986946106
A,0.7448230981826782,1.0789259672164917,4.011337750853272e-07,0.6674323678016663,0.9948177933692932,-0.0350065752863884,0.620320737361908,0.8557822704315186,-0.05319588631391525,0.6103891134262085,0.7149221301078796,-0.06940454244613647,0.59656822681427,0.5827221870422363,-0.08424979448318481,0.6714105606079102,0.6609786748886108,-0.02217003144323826,0.6458849310874939,0.4974389672279358,-0.051597461104393005,0.628268301486969,0.39813464879989624,-0.07668957114219666,0.6156737208366394,0.30279073119163513,-0.09579361975193024,0.7319520711898804,0.6392514109611511,-0.02877400629222393,0.722285807132721,0.44380679726600647,-0.05325867235660553,0.7140904068946838,0.3216606080532074,-0.0778413638472557,0.7059735655784607,0.20902203023433685,-0.09651683270931244,0.7895195484161377,0.6632448434829712,-0.041262269020080566,0.7897639274597168,0.4806367754936218,-0.06974850594997406,0.7862405776977539,0.36184415221214294,-0.09009341895580292,0.7791349291801453,0.2498609572649002,-0.1046551838517189,0.8463967442512512,0.7210756540298462,-0.0570235401391983,0.8704912662506104,0.5900776386260986,-0.08390071243047714,0.8848152756690979,0.4950733780860901,-0.09626796841621399,0.8922009468078613,0.40364280343055725,-0.10455581545829773
A,0.7216827869415283,0.9664337635040283,-1.772923923226699e-07,0.6734840273857117,0.8190701603889465,-0.01325385831296444,0.6770829558372498,0.6375857591629028,-0.022351879626512527,0.6916293501853943,0.506287693977356,-0.0360800102353096,0.6991643309593201,0.38298332691192627,-0.048781681805849075,0.7735257744789124,0.49775826930999756,0.015981722623109818,0.7892681956291199,0.3572109639644623,-0.017384756356477737,0.7673429250717163,0.28241103887557983,-0.051870301365852356,0.7316811680793762,0.22492022812366486,-0.07372795790433884,0.8169790506362915,0.514701247215271,0.00022923426877241582,0.8432141542434692,0.3533945083618164,-0.02578054927289486,0.8270354270935059,0.24584977328777313,-0.0540933795273304,0.7967641353607178,0.15460515022277832,-0.07426891475915909,0.8507051467895508,0.5695662498474121,-0.022804150357842445,0.8942219018936157,0.4070040285587311,-0.04936086758971214,0.8878635764122009,0.30313625931739807,-0.071064792573452,0.8663874268531799,0.20784041285514832,-0.08587513864040375,0.8750194311141968,0.6506147384643555,-0.048174139112234116,0.9299035668373108,0.5314639210700989,-0.07122499495744705,0.9504711627960205,0.43466392159461975,-0.08631545305252075,0.956656813621521,0.3330495059490204,-0.09720172733068466
A,0.7277964949607849,0.9862698912620544,-2.3574651208946307e-07,0.6748319268226624,0.8495628833770752,-0.012373455800116062,0.6704064011573792,0.6634567975997925,-0.01766255684196949,0.6794697642326355,0.526783287525177,-0.02741139754652977,0.6784372925758362,0.4069027602672577,-0.03648912534117699,0.7563592195510864,0.5176748633384705,0.018307194113731384,0.7597352862358093,0.36967703700065613,-0.009471655823290348,0.7364426851272583,0.29066500067710876,-0.03971283882856369,0.7028565406799316,0.22542381286621094,-0.0602070577442646,0.7993907928466797,0.527402937412262,0.0034820507280528545,0.81060791015625,0.3622826933860779,-0.01927529089152813,0.7898627519607544,0.25840678811073303,-0.04572701081633568,0.75861656665802,0.16952966153621674,-0.06478282809257507,0.8357639908790588,0.5737990140914917,-0.018071899190545082,0.8608209490776062,0.40557238459587097,-0.04063357412815094,0.851079523563385,0.3012935221195221,-0.060061048716306686,0.8295267224311829,0.20748795568943024,-0.07369141280651093,0.8665755391120911,0.6454249024391174,-0.04225913807749748,0.903715193271637,0.5111951231956482,-0.06279662251472473,0.9153721928596497,0.4097610414028168,-0.07589858025312424,0.916184663772583,0.30912673473358154,-0.08529515564441681
A,0.7695124745368958,1.0285170078277588,2.025806367100813e-07,0.6861250400543213,0.9257559180259705,-0.026217572391033173,0.6505834460258484,0.7400473952293396,-0.032733723521232605,0.660160481929779,0.5752816796302795,-0.03946187347173691,0.6809256076812744,0.45469775795936584,-0.0443093441426754,0.7115406394004822,0.5753363966941833,0.008329791948199272,0.6979153156280518,0.4261031150817871,-0.009998667053878307,0.678623378276825,0.3437945544719696,-0.03044145368039608,0.6569768190383911,0.2637963593006134,-0.04726221412420273,0.7694950103759766,0.5574777722358704,0.0010440178448334336,0.7624970078468323,0.37742552161216736,-0.013453010469675064,0.7475961446762085,0.2667703926563263,-0.034507956355810165,0.7285750508308411,0.16325441002845764,-0.0516166165471077,0.823226273059845,0.5821796655654907,-0.013127539306879044,0.8277740478515625,0.4069518446922302,-0.03528183326125145,0.8210041522979736,0.29169830679893494,-0.054645389318466187,0.808588445186615,0.18507125973701477,-0.06896184384822845,0.8749825358390808,0.6337578892707825,-0.03047112002968788,0.9051836729049683,0.4949455261230469,-0.0508885495364666,0.9241499304771423,0.39548641443252563,-0.061856698244810104,0.936241626739502,0.29962655901908875,-0.07037708908319473
A,0.7679709196090698,1.0034396648406982,-2.2818537104285497e-07,0.7177894115447998,0.8202822208404541,0.007352493237704039,0.729934573173523,0.6370843648910522,0.005215462297201157,0.729885995388031,0.5126800537109375,-0.005406695883721113,0.7211238145828247,0.39453428983688354,-0.016626114025712013,0.8475531935691833,0.5670748353004456,0.024389509111642838,0.8463186025619507,0.39422470331192017,-0.0007312101661227643,0.8212853074073792,0.2707095146179199,-0.02626188099384308,0.7884780764579773,0.16713254153728485,-0.04559372365474701,0.860093355178833,0.5848879814147949,-0.0026200064457952976,0.8617464900016785,0.3772883117198944,-0.03247671574354172,0.8283742666244507,0.2450806349515915,-0.05982961505651474,0.7893030643463135,0.13720321655273438,-0.07837533950805664,0.8570763468742371,0.6188809871673584,-0.033522382378578186,0.8675086498260498,0.41203173995018005,-0.06232056766748428,0.8429543972015381,0.2786523699760437,-0.08132045716047287,0.812470018863678,0.1713755577802658,-0.09315157681703568,0.8364402055740356,0.6570308208465576,-0.06493077427148819,0.8487738966941833,0.4995940029621124,-0.08912446349859238,0.8447495698928833,0.3818861246109009,-0.10239167511463165,0.8379711508750916,0.2774758040904999,-0.1115056723356247
A,0.7589074969291687,1.0070756673812866,-2.2485444617359462e-08,0.7053213119506836,0.8477367758750916,-0.002063917927443981,0.7003171443939209,0.662761390209198,-0.007182030938565731,0.6965945363044739,0.5345912575721741,-0.02013726904988289,0.6840595602989197,0.40711572766304016,-0.03339715674519539,0.7847762703895569,0.5376517176628113,0.023291008546948433,0.7893924713134766,0.37503549456596375,-0.00108564761467278,0.7715649008750916,0.26648029685020447,-0.02763677015900612,0.7451883554458618,0.17342884838581085,-0.04824944585561752,0.8049987554550171,0.5501883029937744,0.00015659893688280135,0.8125690817832947,0.36458003520965576,-0.02774684503674507,0.787155032157898,0.2412824183702469,-0.05474046245217323,0.7500792145729065,0.1355869621038437,-0.07321811467409134,0.8217400908470154,0.5899167060852051,-0.028323188424110413,0.8332626819610596,0.3945251703262329,-0.0538082979619503,0.8154458999633789,0.27424851059913635,-0.07121111452579498,0.7860562801361084,0.17296801507472992,-0.08274278789758682,0.8332350254058838,0.6472177505493164,-0.05898849293589592,0.8483284711837769,0.4945852756500244,-0.08127257972955704,0.8436455130577087,0.3839700520038605,-0.0930810421705246,0.8303711414337158,0.2842673659324646,-0.10120734572410583
A,0.7577239274978638,1.0091124773025513,-2.6361758997950346e-08,0.691719651222229,0.9044249653816223,-0.021593300625681877,0.6654059290885925,0.7290241122245789,-0.030272603034973145,0.6656960248947144,0.5935425162315369,-0.04092792421579361,0.6541916131973267,0.47677022218704224,-0.05193394050002098,0.7396062612533569,0.5582054257392883,-0.00155817496124655,0.7234229445457458,0.40610623359680176,-0.029833262786269188,0.6947249174118042,0.3209465444087982,-0.05807940289378166,0.6653500199317932,0.24538850784301758,-0.07853682339191437,0.7826261520385742,0.5514672994613647,-0.014253022149205208,0.7758722305297852,0.36330536007881165,-0.03727194294333458,0.7569419145584106,0.24300362169742584,-0.06397970020771027,0.738401472568512,0.1342029869556427,-0.08429843932390213,0.8226391673088074,0.5855673551559448,-0.03295391425490379,0.8305075764656067,0.3954117000102997,-0.05812106281518936,0.8216987252235413,0.2733922302722931,-0.08035288751125336,0.8110468983650208,0.16285717487335205,-0.09656042605638504,0.8592302799224854,0.650705873966217,-0.05455427244305611,0.8745615482330322,0.5017539858818054,-0.07744326442480087,0.8788694739341736,0.39729249477386475,-0.09019887447357178,0.8802076578140259,0.29844242334365845,-0.09983044117689133
A,0.8071123361587524,1.0028445720672607,-2.5176768758683465e-07,0.7769014835357666,0.7961922287940979,0.02387767657637596,0.7866154909133911,0.6226207613945007,0.01751050166785717,0.7921059131622314,0.4922232925891876,0.004539795219898224,0.7968751788139343,0.3822939693927765,-0.011788413859903812,0.9196242094039917,0.6176933646202087,-0.02592761628329754,0.9198193550109863,0.39087048172950745,-0.058488521724939346,0.9053331613540649,0.25594010949134827,-0.08132689446210861,0.8852904438972473,0.14290769398212433,-0.09858347475528717,0.9142129421234131,0.6471476554870605,-0.05977597087621689,0.8916442394256592,0.37399768829345703,-0.09582407027482986,0.8554181456565857,0.2221403270959854,-0.11794931441545486,0.819782555103302,0.10060138255357742,-0.13618478178977966,0.8834341764450073,0.683135449886322,-0.09116102010011673,0.8723731637001038,0.4154832363128662,-0.1253248155117035,0.8473513722419739,0.2618940472602844,-0.14167501032352448,0.8242719173431396,0.13449068367481232,-0.15457341074943542,0.832135796546936,0.7159185409545898,-0.11893341690301895,0.8306005597114563,0.5310417413711548,-0.15389905869960785,0.826164960861206,0.4097321033477783,-0.17045490443706512,0.8252137303352356,0.2957858145236969,-0.18285971879959106
A,0.7617180943489075,1.0042191743850708,4.897936278780435e-09,0.6941137909889221,0.909555196762085,-0.02096092328429222,0.6608377695083618,0.7492542266845703,-0.029463613405823708,0.6598058938980103,0.6197739839553833,-0.03938187286257744,0.6520239114761353,0.5059718489646912,-0.04910225793719292,0.7261949181556702,0.569212794303894,-0.0017996490933001041,0.6992923021316528,0.4262441098690033,-0.02648106962442398,0.6724493503570557,0.34029102325439453,-0.051090627908706665,0.6485704779624939,0.26184454560279846,-0.06980232894420624,0.7731335759162903,0.5551717877388,-0.013692470267415047,0.7531160712242126,0.3781432509422302,-0.03521144017577171,0.730645477771759,0.26631635427474976,-0.059725526720285416,0.7095150947570801,0.1668016016483307,-0.07830441743135452,0.8191045522689819,0.5821374654769897,-0.031121941283345222,0.8166905641555786,0.4004974961280823,-0.05680451542139053,0.8060756921768188,0.28399139642715454,-0.07792425155639648,0.7946078181266785,0.17513242363929749,-0.09297224879264832,0.8642908930778503,0.6382321715354919,-0.05100206658244133,0.8851255178451538,0.4964442253112793,-0.07424994558095932,0.8964748382568359,0.395004004240036,-0.08676991611719131,0.9042649865150452,0.29624485969543457,-0.09589815884828568
A,0.7602579593658447,1.1230984926223755,4.122158969721568e-08,0.6975641250610352,1.0342930555343628,-0.028289714828133583,0.6685349345207214,0.8893682956695557,-0.0450802817940712,0.6663208603858948,0.7648599147796631,-0.06097764894366264,0.667204737663269,0.6449325084686279,-0.07492377609014511,0.7371165752410889,0.7192993760108948,-0.018606334924697876,0.7298420667648315,0.5722687840461731,-0.04671722277998924,0.7123944163322449,0.4970490038394928,-0.07176269590854645,0.6867545247077942,0.4307781457901001,-0.09003302454948425,0.7886061668395996,0.7221364378929138,-0.024960841983556747,0.7806345224380493,0.5725135207176208,-0.05480523407459259,0.7517088055610657,0.498310387134552,-0.08154653757810593,0.7141151428222656,0.43958327174186707,-0.09929809719324112,0.8378376960754395,0.7615243792533875,-0.036243654787540436,0.8503087162971497,0.6114118695259094,-0.0671711415052414,0.8299051523208618,0.5294930934906006,-0.08800220489501953,0.7987908720970154,0.45807933807373047,-0.10052905976772308,0.8839033842086792,0.8334845900535583,-0.04972292482852936,0.9258214831352234,0.7228654623031616,-0.07789808511734009,0.9401078820228577,0.6319551467895508,-0.09514862298965454,0.9408770799636841,0.5437473058700562,-0.10579457879066467
A,0.7917718291282654,0.9924440979957581,-2.3898140355527175e-08,0.8277283310890198,0.8565574884414673,0.03643409162759781,0.8403735756874084,0.7168081998825073,0.03966999799013138,0.8398835062980652,0.6016350984573364,0.03604545816779137,0.8255947828292847,0.5146212577819824,0.02632524073123932,0.8704371452331543,0.6434943079948425,-0.028256596997380257,0.8917187452316284,0.4457290768623352,-0.05293899029493332,0.89607173204422,0.3279120922088623,-0.06493173539638519,0.8949493765830994,0.23143848776817322,-0.07284140586853027,0.85160893201828,0.670822262763977,-0.06162127107381821,0.8305650949478149,0.42483043670654297,-0.08737555891275406,0.8057154417037964,0.28802621364593506,-0.0996079295873642,0.782686173915863,0.1871003955602646,-0.10994330793619156,0.8156623840332031,0.7090957760810852,-0.08959128707647324,0.7926877737045288,0.4755578935146332,-0.11327580362558365,0.7732374668121338,0.33591777086257935,-0.1269671767950058,0.7577350735664368,0.2307124137878418,-0.13783621788024902,0.7695299386978149,0.7509338855743408,-0.11203251034021378,0.7474343776702881,0.5689774751663208,-0.13879765570163727,0.73820561170578,0.4619297683238983,-0.15149790048599243,0.7342578172683716,0.37043043971061707,-0.16005727648735046
A,0.25221437215805054,1.1046186685562134,4.62216490859646e-07,0.2966725528240204,0.9897985458374023,-0.01999538019299507,0.298615962266922,0.8493215441703796,-0.034072089940309525,0.2932170331478119,0.7450699210166931,-0.04801004379987717,0.2954258918762207,0.6542018055915833,-0.06407874077558517,0.22795307636260986,0.7299403548240662,-0.04195338487625122,0.20175643265247345,0.5827047824859619,-0.07500844448804855,0.1882087141275406,0.4896072447299957,-0.09756077080965042,0.17698049545288086,0.40644142031669617,-0.11404545605182648,0.19148361682891846,0.7593905925750732,-0.05556545406579971,0.16314278542995453,0.5914240479469299,-0.08862361311912537,0.15143699944019318,0.4785483181476593,-0.1133618950843811,0.14070048928260803,0.3762763440608978,-0.13110597431659698,0.16448992490768433,0.8272666335105896,-0.0710926279425621,0.13025221228599548,0.6703184843063354,-0.10481014847755432,0.12074697017669678,0.5629000067710876,-0.1278880387544632,0.11361264437437057,0.46018558740615845,-0.1436356157064438,0.14463412761688232,0.9227069616317749,-0.08741407096385956,0.10313358902931213,0.8269466757774353,-0.122126005589962,0.08375923335552216,0.7504181265830994,-0.14051474630832672,0.06673655658960342,0.6716957688331604,-0.1525038182735443
A,0.15566281974315643,1.1523535251617432,1.2308520354054053e-06,0.0877935141324997,1.050123929977417,-0.03592779114842415,0.052617818117141724,0.8937240839004517,-0.07906022667884827,0.06899788975715637,0.7404158115386963,-0.11119197309017181,0.10180497914552689,0.6269999146461487,-0.14295361936092377,0.037945691496133804,0.9222464561462402,-0.16284053027629852,0.012606978416442871,0.7314544916152954,-0.2227136641740799,0.01367223635315895,0.6038561463356018,-0.25304052233695984,0.015676068142056465,0.49627047777175903,-0.27079668641090393,0.10009300708770752,0.9526469111442566,-0.1678110808134079,0.11814998835325241,0.7122334837913513,-0.2380598932504654,0.1436437964439392,0.5350651144981384,-0.2689933776855469,0.16405892372131348,0.3999879062175751,-0.2888413965702057,0.16842776536941528,0.9591069221496582,-0.16663867235183716,0.2027631402015686,0.7338237166404724,-0.2210758626461029,0.224571093916893,0.5626484155654907,-0.24120377004146576,0.23954060673713684,0.4427139461040497,-0.250791996717453,0.23063957691192627,0.9428244829177856,-0.16463857889175415,0.24735087156295776,0.740003228187561,-0.19435431063175201,0.24768786132335663,0.6206686496734619,-0.20243093371391296,0.24820682406425476,0.5287041068077087,-0.20805712044239044
A,0.14126847684383392,1.018577218055725,1.1515149935803493e-06,0.0781092494726181,0.9171789288520813,-0.02036289870738983,0.05851791426539421,0.7546937465667725,-0.054530542343854904,0.07962022721767426,0.6145276427268982,-0.07692071050405502,0.12113627791404724,0.5247206687927246,-0.09813684225082397,0.03891245648264885,0.7818100452423096,-0.13830585777759552,0.028320537880063057,0.5774211287498474,-0.19849717617034912,0.04840417951345444,0.4310747981071472,-0.23869821429252625,0.07026529312133789,0.3235848546028137,-0.26122745871543884,0.10342733561992645,0.8228318095207214,-0.13976190984249115,0.14626772701740265,0.5711376667022705,-0.18316970765590668,0.1825300008058548,0.41604822874069214,-0.1971016377210617,0.20488125085830688,0.3111092746257782,-0.20635941624641418,0.17452864348888397,0.8522955179214478,-0.1343725472688675,0.2313562035560608,0.6094235181808472,-0.15657198429107666,0.24670875072479248,0.491239070892334,-0.14635692536830902,0.2498534619808197,0.4340055286884308,-0.13821829855442047,0.24091511964797974,0.8663048148155212,-0.12847402691841125,0.27182886004447937,0.6702175736427307,-0.13684207201004028,0.2684501111507416,0.5896040797233582,-0.12031117081642151,0.2635614573955536,0.5428258776664734,-0.1056550070643425
A,0.1781090497970581,1.0084465742111206,2.4391732722506276e-07,0.26333147287368774,0.8945816159248352,-0.025665834546089172,0.32691773772239685,0.7191709280014038,-0.045100513845682144,0.35743263363838196,0.5739867091178894,-0.06892203539609909,0.37196409702301025,0.4461955726146698,-0.09164179116487503,0.244416281580925,0.5077906250953674,-0.020964527502655983,0.2800286114215851,0.3065643310546875,-0.07117569446563721,0.34714943170547485,0.3100493848323822,-0.11023350059986115,0.4005254805088043,0.353407621383667,-0.13170552253723145,0.19498801231384277,0.5008970499038696,-0.03370114788413048,0.23661671578884125,0.28188809752464294,-0.08588635176420212,0.3157323896884918,0.3000389635562897,-0.12128220498561859,0.3736194670200348,0.36010682582855225,-0.1386987566947937,0.1417333483695984,0.5234943628311157,-0.052378393709659576,0.16253414750099182,0.29721370339393616,-0.09719409048557281,0.24597498774528503,0.29952505230903625,-0.11501935869455338,0.31396162509918213,0.34760570526123047,-0.12040157616138458,0.08425094932317734,0.578421413898468,-0.07442516833543777,0.08480363339185715,0.4187804162502289,-0.11199264228343964,0.14494167268276215,0.38971656560897827,-0.12420494109392166,0.20805247128009796,0.4123559892177582,-0.12712116539478302
A,0.1912948042154312,0.9607120752334595,7.90697868069401e-07,0.31978923082351685,0.9335442781448364,-0.028894660994410515,0.438324898481369,0.8199285268783569,-0.0378965400159359,0.5298168063163757,0.7220901846885681,-0.05276336520910263,0.593460202217102,0.6129741072654724,-0.0666639655828476,0.4611467719078064,0.57160884141922,0.03848252817988396,0.5449289083480835,0.4666127860546112,0.006085030734539032,0.6028719544410706,0.4490639269351959,-0.03130918741226196,0.6456056833267212,0.46758660674095154,-0.05494696646928787,0.4193176031112671,0.48913758993148804,0.028070205822587013,0.5075260400772095,0.3516225218772888,-0.0046028075739741325,0.5702143907546997,0.34957829117774963,-0.04391511157155037,0.6181226968765259,0.4062044322490692,-0.06689582020044327,0.3599414527416229,0.43791407346725464,0.006971933413296938,0.4376150369644165,0.27031606435775757,-0.023985642939805984,0.5022277235984802,0.25424423813819885,-0.05140816420316696,0.5592352151870728,0.30573055148124695,-0.06646121293306351,0.28424179553985596,0.4220367670059204,-0.019050193950533867,0.335991770029068,0.26850950717926025,-0.04511209577322006,0.3891046643257141,0.2037697285413742,-0.06016109883785248,0.4449423849582672,0.20000334084033966,-0.06795322149991989
A,0.1768716275691986,1.0101990699768066,2.0465544992021023e-07,0.23906531929969788,0.7640280723571777,0.024611104279756546,0.24789278209209442,0.595566987991333,0.010051640681922436,0.2665930390357971,0.4791600704193115,-0.020548492670059204,0.2755439579486847,0.3694279193878174,-0.04780283197760582,0.08281654864549637,0.4988210201263428,-0.005379266571253538,0.12303581088781357,0.29776522517204285,-0.05602344125509262,0.21446619927883148,0.2912251055240631,-0.0881490707397461,0.2632761597633362,0.346425324678421,-0.10438650846481323,0.05925260856747627,0.5564404726028442,-0.04992181435227394,0.11085949838161469,0.2979975640773773,-0.1015051007270813,0.22304721176624298,0.3130578398704529,-0.12606486678123474,0.2705974280834198,0.39041000604629517,-0.1353614181280136,0.06554798781871796,0.6257423758506775,-0.09440751373767853,0.10977675765752792,0.37513870000839233,-0.1428363174200058,0.22024570405483246,0.4015917479991913,-0.13999374210834503,0.26232871413230896,0.48606014251708984,-0.1286931186914444,0.09532884508371353,0.7047046422958374,-0.1373874396085739,0.16529858112335205,0.5230546593666077,-0.17316633462905884,0.24184031784534454,0.5211660861968994,-0.16587120294570923,0.2770839333534241,0.5746589303016663,-0.1534762680530548
A,0.2046312689781189,0.8673210740089417,-4.902902901449124e-07,0.24892525374889374,0.6574985980987549,0.014888955280184746,0.24058611690998077,0.5189958214759827,0.004974347073584795,0.23640717566013336,0.41228237748146057,-0.013937338255345821,0.2316402941942215,0.3156461715698242,-0.026887888088822365,0.09934117645025253,0.47430214285850525,0.002023041946813464,0.18569613993167877,0.3153122365474701,-0.031003296375274658,0.21997681260108948,0.4060318171977997,-0.04678799584507942,0.21503926813602448,0.47137537598609924,-0.056695226579904556,0.09338284283876419,0.4962441623210907,-0.024704832583665848,0.21122132241725922,0.3369998037815094,-0.05354618653655052,0.23883327841758728,0.4429207742214203,-0.053803637623786926,0.22208698093891144,0.50105220079422,-0.053152501583099365,0.10875403881072998,0.5269343256950378,-0.05358663946390152,0.23275087773799896,0.3975868821144104,-0.07421297580003738,0.24913343787193298,0.5055838227272034,-0.05934932827949524,0.22410821914672852,0.5658190846443176,-0.0508652999997139,0.1418439894914627,0.5599018335342407,-0.0831628069281578,0.24671757221221924,0.4863797426223755,-0.09234494715929031,0.26189619302749634,0.567345917224884,-0.08361261337995529,0.2398754507303238,0.6137425899505615,-0.07913140207529068
A,0.23439238965511322,0.9336099028587341,-6.663973977083515e-07,0.16049978137016296,0.784782886505127,-0.01160065270960331,0.13828036189079285,0.627759575843811,-0.020788507536053658,0.16098183393478394,0.4757290780544281,-0.025617653504014015,0.19548551738262177,0.386361300945282,-0.02407747693359852,0.25504717230796814,0.542586624622345,-0.017788095399737358,0.24050456285476685,0.42223888635635376,-0.010407849214971066,0.21790003776550293,0.4845491945743561,0.000371553614968434,0.21309059858322144,0.5522838830947876,0.006030456628650427,0.31335580348968506,0.5743793845176697,-0.011327548883855343,0.2834887206554413,0.4607591927051544,0.0016954365419223905,0.2587105631828308,0.5085047483444214,0.012083697132766247,0.25279828906059265,0.5618667006492615,0.013455254025757313,0.35315799713134766,0.624557375907898,-0.0033167239744216204,0.32339805364608765,0.5155366659164429,0.0056540220975875854,0.29842740297317505,0.550320029258728,0.016804087907075882,0.2875618636608124,0.6005510091781616,0.018246140331029892,0.3816077709197998,0.6807019710540771,0.004552044440060854,0.34966742992401123,0.6003587245941162,0.00868209172040224,0.32615065574645996,0.6307889819145203,0.017417432740330696,0.31737834215164185,0.6731542944908142,0.022749150171875954
A,0.20827922224998474,0.9098835587501526,-3.1294391078517947e-07,0.19472090899944305,0.7631791234016418,0.013174133375287056,0.20315320789813995,0.6186529397964478,0.004198822658509016,0.2441118061542511,0.5352129936218262,-0.011632055044174194,0.28270095586776733,0.5048220157623291,-0.024100642651319504,0.17040124535560608,0.5162771940231323,-0.0022288644686341286,0.28283485770225525,0.44026368856430054,-0.02926110289990902,0.2968076467514038,0.5209925174713135,-0.041841503232717514,0.28109872341156006,0.5735597610473633,-0.04890819266438484,0.1786973923444748,0.5238671898841858,-0.024221157655119896,0.3111141324043274,0.4735523462295532,-0.04521803557872772,0.3132303059101105,0.5691173076629639,-0.042106904089450836,0.28796324133872986,0.6203789114952087,-0.03829555585980415,0.19865326583385468,0.5551417469978333,-0.04757636785507202,0.32810884714126587,0.5360563397407532,-0.05900761857628822,0.3211364150047302,0.6353040933609009,-0.04488162323832512,0.2910859286785126,0.6765483021736145,-0.03537952899932861,0.22840429842472076,0.6019285321235657,-0.07200896739959717,0.32574042677879333,0.61222904920578,-0.07140795886516571,0.3186117112636566,0.6875088810920715,-0.06041104346513748,0.29175281524658203,0.7125576734542847,-0.05325134098529816
A,0.163639098405838,0.8562207818031311,1.8958600378482515e-07,0.2395176887512207,0.777512788772583,-0.012534617446362972,0.2893866300582886,0.637482225894928,-0.010534096509218216,0.3076012134552002,0.5241093635559082,-0.012962722219526768,0.2975279986858368,0.4357791841030121,-0.016689499840140343,0.2292845994234085,0.5332663655281067,0.020127616822719574,0.2550686001777649,0.4448259472846985,-0.003398628206923604,0.2877386510372162,0.40214765071868896,-0.02086748369038105,0.3208167254924774,0.36894193291664124,-0.030392611399292946,0.189459428191185,0.5296987295150757,0.013033234514296055,0.22908364236354828,0.44105157256126404,-0.03208216279745102,0.23387421667575836,0.5566268563270569,-0.04707638546824455,0.22443145513534546,0.653107225894928,-0.04204218462109566,0.14298515021800995,0.5414469242095947,0.0012254103785380721,0.1811533123254776,0.45332100987434387,-0.050727102905511856,0.1949942409992218,0.5853347778320312,-0.046825770288705826,0.19014617800712585,0.6857362985610962,-0.02543102391064167,0.08782777935266495,0.5715560913085938,-0.011030267924070358,0.1337759792804718,0.49372729659080505,-0.04967920109629631,0.1573692113161087,0.5849143266677856,-0.043422896414995193,0.15694668889045715,0.6676576137542725,-0.026277581229805946
A,0.166935533285141,0.8968856334686279,-2.5085515176215267e-07,0.18247321248054504,0.6833131313323975,0.018283698707818985,0.14806245267391205,0.5590972304344177,0.017145441845059395,0.11610021442174911,0.4856112599372864,0.005991470068693161,0.08714001625776291,0.4168798327445984,-0.0012374084908515215,0.01959056779742241,0.546380341053009,0.017295336350798607,0.0673833042383194,0.37819164991378784,-0.013884169980883598,0.13660505414009094,0.4094352722167969,-0.03332343325018883,0.1729482114315033,0.484389990568161,-0.04168165102601051,0.004717437084764242,0.5629001259803772,-0.00935907568782568,0.06606699526309967,0.36045095324516296,-0.03798692300915718,0.14433154463768005,0.4075677990913391,-0.04618701711297035,0.18110281229019165,0.49436724185943604,-0.04505770653486252,0.009944786317646503,0.593672513961792,-0.038179535418748856,0.06373973935842514,0.3857458829879761,-0.06743984669446945,0.13862967491149902,0.43208885192871094,-0.06151534989476204,0.17433758080005646,0.5160249471664429,-0.05027889832854271,0.03360872343182564,0.6410490274429321,-0.06623715162277222,0.0959826186299324,0.49292200803756714,-0.09208399802446365,0.1541801393032074,0.5009388327598572,-0.08870017528533936,0.18454961478710175,0.5436595678329468,-0.07953611016273499
A,0.08511540293693542,0.9745387434959412,6.343758514049114e-07,0.18007820844650269,0.9288085103034973,-0.03874695301055908,0.2524462640285492,0.7672030329704285,-0.04684324190020561,0.29664602875709534,0.6187829971313477,-0.05195672810077667,0.33766722679138184,0.5180531740188599,-0.0558314174413681,0.1976868212223053,0.5293033719062805,-0.010029219090938568,0.22917357087135315,0.3608241379261017,-0.025171127170324326,0.2422441989183426,0.2511918246746063,-0.04155008867383003,0.24943280220031738,0.15888936817646027,-0.05510043725371361,0.13975130021572113,0.5018916726112366,-0.008167354390025139,0.16007502377033234,0.32152384519577026,-0.019405951723456383,0.17028559744358063,0.20720310509204865,-0.03561608865857124,0.17673762142658234,0.11259976774454117,-0.04884101450443268,0.08277437835931778,0.5136076807975769,-0.013125387020409107,0.08835726231336594,0.3413483500480652,-0.028569001704454422,0.09912598878145218,0.23376969993114471,-0.045034028589725494,0.10925449430942535,0.14248621463775635,-0.0578836165368557,0.023587096482515335,0.5551518201828003,-0.022730685770511627,0.006734146736562252,0.42705315351486206,-0.04151123762130737,-0.0025135294999927282,0.34526968002319336,-0.05305376276373863,-0.007613800000399351,0.2672960162162781,-0.06087246537208557
A,0.20434963703155518,0.8457457423210144,5.750441118834715e-07,0.30036115646362305,0.9325957298278809,-0.03185407817363739,0.4149644076824188,0.9343923926353455,-0.037362873554229736,0.506811797618866,0.9072603583335876,-0.04316697269678116,0.571909487247467,0.8838182091712952,-0.04704282060265541,0.5094579458236694,0.7517766356468201,0.014102185145020485,0.6054009795188904,0.6894601583480835,-0.0018300556112080812,0.6605986952781677,0.6496331095695496,-0.023037780076265335,0.7087829113006592,0.6138514280319214,-0.039659831672906876,0.49231618642807007,0.6558261513710022,0.012338482774794102,0.5987658500671387,0.5914633274078369,0.001879340037703514,0.6615315675735474,0.5543066263198853,-0.01744254305958748,0.7160484194755554,0.5247350335121155,-0.03305003419518471,0.455481618642807,0.5777497887611389,0.0025336910039186478,0.5543939471244812,0.5090338587760925,-0.01118999719619751,0.6182200312614441,0.4678938686847687,-0.02806244045495987,0.6751314997673035,0.4349497854709625,-0.041713979095220566,0.39920395612716675,0.5089134573936462,-0.011921792291104794,0.466775506734848,0.4295629560947418,-0.027243638411164284,0.513880729675293,0.37691158056259155,-0.035393040627241135,0.5617386698722839,0.3297748565673828,-0.04165316000580788
A,0.25649943947792053,0.7625946998596191,4.93170375648333e-07,0.33100998401641846,0.8336412906646729,-0.0279300045222044,0.42510339617729187,0.8160980939865112,-0.028324831277132034,0.4952645003795624,0.7726921439170837,-0.028353072702884674,0.5494982004165649,0.7513012886047363,-0.026561947539448738,0.46827760338783264,0.6660872101783752,0.010607642121613026,0.5383848547935486,0.641094982624054,-0.0030504260212183,0.5861867070198059,0.6331543922424316,-0.01807578094303608,0.6217442154884338,0.6404383778572083,-0.028627930209040642,0.45623573660850525,0.5924673080444336,0.013782534748315811,0.5195856094360352,0.5273938775062561,-0.0010574710322543979,0.5586341023445129,0.5290235877037048,-0.017755387350916862,0.5775034427642822,0.5702609419822693,-0.028250347822904587,0.4289782643318176,0.538832426071167,0.010310678742825985,0.49016526341438293,0.4591429829597473,-0.01122528687119484,0.5284542441368103,0.46382075548171997,-0.029444558545947075,0.5449196696281433,0.5160583853721619,-0.038962043821811676,0.38926929235458374,0.49284690618515015,0.003748687682673335,0.4341477155685425,0.41838765144348145,-0.020975453779101372,0.4685957133769989,0.41496706008911133,-0.037327684462070465,0.48766839504241943,0.4569159746170044,-0.0455331951379776
A,0.2508985698223114,1.0141925811767578,1.0537925163589534e-06,0.1958940625190735,0.8629109263420105,0.010858036577701569,0.18327467143535614,0.6985313296318054,-0.011107439175248146,0.21275795996189117,0.5623281598091125,-0.03595108166337013,0.2608485221862793,0.4702092409133911,-0.06270472705364227,0.14769606292247772,0.625873863697052,-0.07832082360982895,0.20056413114070892,0.3875586986541748,-0.12384305149316788,0.25052106380462646,0.27466732263565063,-0.14722514152526855,0.2891867756843567,0.20230761170387268,-0.16008612513542175,0.18594570457935333,0.6966717839241028,-0.10620987415313721,0.2604018449783325,0.42109233140945435,-0.15291520953178406,0.3243938088417053,0.3051193952560425,-0.16562901437282562,0.37158527970314026,0.24326969683170319,-0.17137956619262695,0.24280361831188202,0.7631322741508484,-0.12967291474342346,0.31350237131118774,0.5015292763710022,-0.1641731560230255,0.3693099021911621,0.3745113015174866,-0.16604693233966827,0.40670132637023926,0.29279759526252747,-0.16463452577590942,0.30796530842781067,0.8175227642059326,-0.15086729824543,0.3685586452484131,0.6135714650154114,-0.16939391195774078,0.402634859085083,0.5106231570243835,-0.16430482268333435,0.42525237798690796,0.4309943616390228,-0.1585817188024521
A,0.27069175243377686,1.0724542140960693,5.787675831925299e-07,0.3520001173019409,1.0215939283370972,-0.030289508402347565,0.4264875054359436,0.9119642376899719,-0.04472124204039574,0.45965635776519775,0.7924491167068481,-0.05768604576587677,0.49175670742988586,0.6935473680496216,-0.06916072964668274,0.4122445285320282,0.7106673121452332,-0.020144110545516014,0.46816015243530273,0.5886275768280029,-0.055197201669216156,0.516118049621582,0.5425817370414734,-0.08306264132261276,0.5625369548797607,0.5150837898254395,-0.09952235966920853,0.3694470226764679,0.6718825697898865,-0.026586733758449554,0.4226858615875244,0.5315279960632324,-0.05410041660070419,0.4752630889415741,0.4638995826244354,-0.07459235191345215,0.5265441536903381,0.41604354977607727,-0.0879615768790245,0.3177952468395233,0.668315052986145,-0.039832089096307755,0.34917277097702026,0.5185001492500305,-0.07036677747964859,0.39668551087379456,0.4372800588607788,-0.08821479976177216,0.4492347240447998,0.37567800283432007,-0.09879648685455322,0.25505563616752625,0.7000972032546997,-0.05612965300679207,0.24881310760974884,0.558258056640625,-0.08123289048671722,0.258373498916626,0.455471932888031,-0.09134820848703384,0.2782348692417145,0.3627218008041382,-0.09763514250516891
A,0.20000076293945312,1.0419185161590576,7.454246429006162e-07,0.298808753490448,0.9973971247673035,-0.041867878288030624,0.3822757303714752,0.9011477828025818,-0.057538699358701706,0.42016130685806274,0.7604624032974243,-0.0699884444475174,0.45029589533805847,0.6384742259979248,-0.08165736496448517,0.3665555715560913,0.6728112101554871,-0.02144380286335945,0.42862969636917114,0.5389915704727173,-0.05003780499100685,0.46481853723526,0.4540722072124481,-0.07453896105289459,0.4975016117095947,0.37944385409355164,-0.09179805964231491,0.3152931332588196,0.6222683191299438,-0.023113129660487175,0.3735412359237671,0.4603406488895416,-0.046103235334157944,0.41233107447624207,0.3522074520587921,-0.06931173801422119,0.44907909631729126,0.2583707869052887,-0.08702949434518814,0.255007803440094,0.6112765669822693,-0.03213358297944069,0.2973664104938507,0.4440285861492157,-0.061486732214689255,0.33374667167663574,0.3428369462490082,-0.08604130893945694,0.3731824457645416,0.2585054934024811,-0.10295876115560532,0.18400362133979797,0.6353865265846252,-0.044829361140728,0.1753869652748108,0.4883512854576111,-0.07817833870649338,0.17726777493953705,0.3850277364253998,-0.09737581014633179,0.18755559623241425,0.28619036078453064,-0.10939697176218033
A,0.2178652137517929,0.944084882736206,8.664711685923976e-07,0.26949235796928406,0.7625574469566345,0.024308931082487106,0.2801637351512909,0.6019887924194336,0.011782373301684856,0.298316091299057,0.49914252758026123,-0.011088840663433075,0.32100576162338257,0.4064881503582001,-0.039881475269794464,0.16543492674827576,0.4917789399623871,-0.052740275859832764,0.1899106800556183,0.30082136392593384,-0.11100058257579803,0.2491646707057953,0.21507689356803894,-0.1519826054573059,0.30789077281951904,0.16701826453208923,-0.17997309565544128,0.14109110832214355,0.5489761233329773,-0.09793289005756378,0.166757732629776,0.32025840878486633,-0.16098196804523468,0.2489968240261078,0.2295917272567749,-0.20383906364440918,0.3183364272117615,0.18006044626235962,-0.2339458167552948,0.13828952610492706,0.6405687928199768,-0.13926656544208527,0.16727833449840546,0.42679160833358765,-0.20720483362674713,0.2595582604408264,0.3462808430194855,-0.2455255091190338,0.33325740694999695,0.30395856499671936,-0.268670916557312,0.15647637844085693,0.7486582398414612,-0.17520955204963684,0.21152181923389435,0.613908052444458,-0.23830167949199677,0.28102558851242065,0.5459545254707336,-0.26801228523254395,0.338913232088089,0.5072454214096069,-0.28690922260284424
A,0.14475400745868683,1.1407438516616821,1.1729082416422898e-06,0.0928996354341507,0.9398481249809265,0.013692865148186684,0.07335971295833588,0.732148289680481,-0.014613203704357147,0.10073307156562805,0.5615280866622925,-0.0476265475153923,0.1485535353422165,0.4281225800514221,-0.08127274364233017,0.030799631029367447,0.6364416480064392,-0.0994749367237091,0.05683321878314018,0.34218019247055054,-0.16342653334140778,0.11390288174152374,0.19315363466739655,-0.19402305781841278,0.16755835711956024,0.1091611236333847,-0.20791089534759521,0.06505686044692993,0.7032054662704468,-0.13603998720645905,0.12522856891155243,0.3545544445514679,-0.20161476731300354,0.22119101881980896,0.2554266154766083,-0.2176342010498047,0.2916432023048401,0.24557845294475555,-0.21812693774700165,0.1283823400735855,0.785431981086731,-0.1663542091846466,0.2057734727859497,0.46707069873809814,-0.2170112282037735,0.29839685559272766,0.3855401575565338,-0.21321800351142883,0.3563675284385681,0.3806823194026947,-0.2009725570678711,0.1996164470911026,0.8736841082572937,-0.19349010288715363,0.2801251709461212,0.6664025187492371,-0.2238413393497467,0.3352710008621216,0.5905911922454834,-0.21574701368808746,0.370733380317688,0.562150239944458,-0.20156541466712952
A,0.14862918853759766,1.124233603477478,8.658418551021896e-07,0.07080373913049698,0.92705899477005,0.023172905668616295,0.05275670811533928,0.726093590259552,0.0028183709364384413,0.09489940851926804,0.5727720260620117,-0.01812891475856304,0.14801490306854248,0.4711582362651825,-0.03823349252343178,0.05305100977420807,0.6662432551383972,-0.10261018574237823,0.10227958112955093,0.3720158338546753,-0.14663349092006683,0.15679821372032166,0.24357809126377106,-0.1542079895734787,0.20207898318767548,0.18412354588508606,-0.14781494438648224,0.12277843803167343,0.732352614402771,-0.12682747840881348,0.2069319486618042,0.4026719033718109,-0.16503478586673737,0.2487727403640747,0.338623970746994,-0.1385347992181778,0.2644762396812439,0.3595050275325775,-0.10708921402692795,0.19996099174022675,0.8078550100326538,-0.1425836831331253,0.29330265522003174,0.5042407512664795,-0.16690166294574738,0.3181309998035431,0.43706098198890686,-0.11901473253965378,0.31441229581832886,0.4576539993286133,-0.0734245628118515,0.2714845538139343,0.8884199261665344,-0.15454714000225067,0.35290074348449707,0.6511756181716919,-0.15591596066951752,0.3613440692424774,0.5831219553947449,-0.11234722286462784,0.3471406102180481,0.5848825573921204,-0.06962382048368454
A,0.20293425023555756,0.9653117656707764,5.953427830718283e-07,0.15031294524669647,0.7825807929039001,0.020532988011837006,0.15055778622627258,0.6079617142677307,0.006670856848359108,0.19669781625270844,0.4954351484775543,-0.007752472069114447,0.25062841176986694,0.4342624545097351,-0.019730400294065475,0.1568998247385025,0.5499823093414307,-0.08738808333873749,0.22086314857006073,0.29933544993400574,-0.12226986140012741,0.28261369466781616,0.23898425698280334,-0.12235070765018463,0.32153013348579407,0.24422791600227356,-0.11055456846952438,0.21240143477916718,0.6101425290107727,-0.10551143437623978,0.30372950434684753,0.34597769379615784,-0.131735697388649,0.3525291383266449,0.31115561723709106,-0.10768953710794449,0.36851850152015686,0.3458465337753296,-0.08114239573478699,0.2737351059913635,0.682386040687561,-0.11561110615730286,0.3688378930091858,0.44600921869277954,-0.1274123340845108,0.39436787366867065,0.4239532947540283,-0.08337379992008209,0.3905843198299408,0.4598683714866638,-0.04469620808959007,0.3306732773780823,0.7632811665534973,-0.1230270117521286,0.41475164890289307,0.5893884301185608,-0.11763438582420349,0.4236127734184265,0.5526087880134583,-0.07854640483856201,0.41136249899864197,0.5623190402984619,-0.04147621616721153
A,0.2560933232307434,0.8342511057853699,-5.0078384106200247e-08,0.22427703440189362,0.6614215970039368,0.029120605438947678,0.225473091006279,0.5131759643554688,0.018389463424682617,0.26002585887908936,0.4195821285247803,-9.7610227385303e-06,0.3102070093154907,0.38140061497688293,-0.016212886199355125,0.2218603491783142,0.42195752263069153,-0.04344775527715683,0.2880284786224365,0.2055133730173111,-0.0649363249540329,0.3402286171913147,0.2268397957086563,-0.061093784868717194,0.352438360452652,0.29667359590530396,-0.051028888672590256,0.25990575551986694,0.4541430175304413,-0.07164730131626129,0.3490653336048126,0.24782802164554596,-0.08104413747787476,0.3914100229740143,0.29462018609046936,-0.06461282074451447,0.3892036974430084,0.3600998520851135,-0.05255798250436783,0.30994489789009094,0.512931764125824,-0.09437569230794907,0.393585741519928,0.3203924000263214,-0.09450148046016693,0.4256899654865265,0.3639412224292755,-0.0658854991197586,0.42009973526000977,0.4253087341785431,-0.048223283141851425,0.36259162425994873,0.591579020023346,-0.1145889088511467,0.4312600791454315,0.4348255395889282,-0.10604996234178543,0.44931039214134216,0.4439038634300232,-0.07758761197328568,0.43934357166290283,0.47893187403678894,-0.05680735409259796
A,0.3049519956111908,0.9374954104423523,7.468358376172546e-07,0.42144277691841125,0.9275596737861633,-0.051906317472457886,0.5367751717567444,0.8213874101638794,-0.07502802461385727,0.6227790117263794,0.6963856220245361,-0.09535522758960724,0.7041174173355103,0.613954484462738,-0.11452184617519379,0.5809264779090881,0.5461233258247375,-0.032153256237506866,0.6771700978279114,0.3999342918395996,-0.06774092465639114,0.7330042719841003,0.2950296700000763,-0.10015556961297989,0.7803796529769897,0.1991410106420517,-0.12442053854465485,0.5309708118438721,0.45195305347442627,-0.03727031871676445,0.6302902102470398,0.26577678322792053,-0.06523958593606949,0.6947084069252014,0.14519409835338593,-0.09334608167409897,0.751724362373352,0.04459862783551216,-0.11578098684549332,0.46151310205459595,0.40380439162254333,-0.050906840711832047,0.5455147624015808,0.21341289579868317,-0.08369597792625427,0.6068583726882935,0.09590375423431396,-0.11164743453264236,0.6629464626312256,0.0007527210400439799,-0.13277220726013184,0.37147319316864014,0.39075151085853577,-0.06984136998653412,0.38523873686790466,0.18921853601932526,-0.10763420909643173,0.40169790387153625,0.04690195992588997,-0.12925808131694794,0.42151716351509094,-0.08247890323400497,-0.14378586411476135
A,0.266461580991745,1.0156950950622559,8.085921763267834e-07,0.3817107677459717,0.9648334980010986,-0.0477692149579525,0.4855850636959076,0.8459457755088806,-0.0760907456278801,0.5614680051803589,0.7185046672821045,-0.10322167724370956,0.6282812356948853,0.6051384806632996,-0.1298390030860901,0.5190131068229675,0.5593505501747131,-0.036405228078365326,0.6042914390563965,0.3816356956958771,-0.07930446416139603,0.6566135287284851,0.25976675748825073,-0.117561474442482,0.7010509371757507,0.1525440216064453,-0.14493149518966675,0.46211597323417664,0.4915875792503357,-0.046609729528427124,0.5505964756011963,0.28556811809539795,-0.07886233925819397,0.608988344669342,0.1549922376871109,-0.11055292934179306,0.6616811752319336,0.04569191858172417,-0.13614901900291443,0.38652458786964417,0.46540096402168274,-0.06515652686357498,0.4574299454689026,0.25115182995796204,-0.09999489784240723,0.5125418305397034,0.11543667316436768,-0.1305912584066391,0.5632831454277039,0.003223033621907234,-0.1547079086303711,0.29168078303337097,0.4757608473300934,-0.0887826457619667,0.2956630289554596,0.26608988642692566,-0.12880772352218628,0.3020341992378235,0.1092262715101242,-0.152459055185318,0.31092125177383423,-0.03663565590977669,-0.16904382407665253
A,0.21917682886123657,0.9283074140548706,5.969834546704078e-07,0.31162509322166443,0.7092503905296326,0.07076078653335571,0.3306475579738617,0.5311360359191895,0.07962024211883545,0.3534194827079773,0.4103841185569763,0.06630102545022964,0.3791469633579254,0.3097761571407318,0.04731673374772072,0.1998976171016693,0.38121965527534485,0.015506722033023834,0.268252968788147,0.14253778755664825,-0.02393948845565319,0.35131996870040894,0.055487941950559616,-0.05249863117933273,0.42131587862968445,0.0019034136785194278,-0.0732375979423523,0.18803520500659943,0.41501662135124207,-0.050599198788404465,0.2706878185272217,0.11305839568376541,-0.09725038707256317,0.37194013595581055,0.013304384425282478,-0.12452837079763412,0.4490761458873749,-0.02857474610209465,-0.1423209011554718,0.2047540545463562,0.47761496901512146,-0.11266285181045532,0.2808510363101959,0.18886110186576843,-0.15180017054080963,0.38032037019729614,0.07668514549732208,-0.167990580201149,0.4543323814868927,0.013442491181194782,-0.17865662276744843,0.25273776054382324,0.5575982928276062,-0.16879555583000183,0.31393030285835266,0.3335561156272888,-0.19583606719970703,0.37012040615081787,0.21684738993644714,-0.2034458965063095,0.4178726375102997,0.13412043452262878,-0.21043796837329865
A,0.17813347280025482,0.9960353374481201,1.3229886235421873e-06,0.13191716372966766,0.7953817248344421,0.011095721274614334,0.13151800632476807,0.5840226411819458,-0.016910456120967865,0.17697270214557648,0.42237427830696106,-0.047257475554943085,0.2357676774263382,0.30821916460990906,-0.07853734493255615,0.09693251550197601,0.510669469833374,-0.11823570728302002,0.14953194558620453,0.22093690931797028,-0.18421423435211182,0.21257328987121582,0.08533291518688202,-0.2096504271030426,0.2626025378704071,0.014106985181570053,-0.2190130054950714,0.13549531996250153,0.596277117729187,-0.15346850454807281,0.2162894308567047,0.2614382803440094,-0.2296467274427414,0.3046199381351471,0.11062547564506531,-0.24447521567344666,0.3701224625110626,0.0460098534822464,-0.24311774969100952,0.19807559251785278,0.685797393321991,-0.18252651393413544,0.2885338068008423,0.37392690777778625,-0.24423837661743164,0.3686811327934265,0.2257608026266098,-0.24217824637889862,0.4183310866355896,0.14341412484645844,-0.22899964451789856,0.2718057930469513,0.7695245146751404,-0.2078242003917694,0.35989245772361755,0.5279067754745483,-0.24685007333755493,0.40965065360069275,0.40290144085884094,-0.24090947210788727,0.44175586104393005,0.31374233961105347,-0.2274961769580841
A,0.16086411476135254,1.1829617023468018,1.4367828953254502e-06,0.0957939624786377,0.9820915460586548,-0.0073146093636751175,0.07800672203302383,0.7663888931274414,-0.0445500910282135,0.11653375625610352,0.5895607471466064,-0.08036095649003983,0.16886289417743683,0.45768722891807556,-0.11540214717388153,0.04194024205207825,0.6920677423477173,-0.12459170073270798,0.09604182094335556,0.3886871337890625,-0.19311067461967468,0.1598307192325592,0.2321905940771103,-0.23258227109909058,0.21561755239963531,0.1333545595407486,-0.25387445092201233,0.09811607748270035,0.7892675995826721,-0.15012997388839722,0.19572170078754425,0.46166476607322693,-0.2130805402994156,0.27090251445770264,0.30972230434417725,-0.23020999133586884,0.3202006220817566,0.23172080516815186,-0.23899179697036743,0.1729584038257599,0.8805551528930664,-0.17162856459617615,0.2705191969871521,0.566076397895813,-0.2169467657804489,0.3380562663078308,0.4219721555709839,-0.21307379007339478,0.376108318567276,0.34405550360679626,-0.20700396597385406,0.25007790327072144,0.9543216824531555,-0.19245371222496033,0.33709171414375305,0.7194826006889343,-0.21855556964874268,0.37508806586265564,0.609395444393158,-0.20879928767681122,0.39398181438446045,0.5365979075431824,-0.19757801294326782
A,0.2222232073545456,1.3004413843154907,7.415131335619662e-07,0.32543033361434937,1.2124719619750977,-0.03315932676196098,0.40423139929771423,1.072521686553955,-0.05773149058222771,0.4685063660144806,0.9539458155632019,-0.08106675744056702,0.5270242691040039,0.8664541244506836,-0.1069498285651207,0.3690168261528015,0.823185920715332,-0.057275496423244476,0.4047868251800537,0.6185636520385742,-0.09895775467157364,0.427690714597702,0.4928383231163025,-0.12909169495105743,0.4471776485443115,0.38259440660476685,-0.15124061703681946,0.3042457699775696,0.7994319796562195,-0.07225555181503296,0.34226757287979126,0.5772883296012878,-0.11162299662828445,0.3703228235244751,0.43663546442985535,-0.14165282249450684,0.395175963640213,0.3134254515171051,-0.16430991888046265,0.23054255545139313,0.8296114206314087,-0.09097148478031158,0.25469353795051575,0.6033622622489929,-0.1337650567293167,0.27306705713272095,0.45415574312210083,-0.16412079334259033,0.29161933064460754,0.32908928394317627,-0.18504399061203003,0.1521586775779724,0.9031888842582703,-0.11116672307252884,0.11032305657863617,0.7239465713500977,-0.15792763233184814,0.08716459572315216,0.6021122336387634,-0.1814962923526764,0.0705631747841835,0.4845142960548401,-0.19589045643806458
A,0.14566214382648468,1.4232794046401978,8.519293146491691e-07,0.2744764983654022,1.3374848365783691,-0.0492958165705204,0.38072285056114197,1.1697427034378052,-0.07826898247003555,0.4524611234664917,1.0097001791000366,-0.10296846181154251,0.5272685885429382,0.8961172699928284,-0.12900443375110626,0.33195602893829346,0.9032381772994995,-0.07053891569375992,0.37964561581611633,0.6523310542106628,-0.11433058977127075,0.3991416394710541,0.4898756146430969,-0.14451447129249573,0.4098416864871979,0.3493632376194,-0.16604314744472504,0.25130072236061096,0.8652379512786865,-0.07772607356309891,0.298675537109375,0.6002659201622009,-0.11686039716005325,0.3228621780872345,0.42167726159095764,-0.14596371352672577,0.34138724207878113,0.2722615599632263,-0.16806170344352722,0.1645255833864212,0.8756800889968872,-0.0897659957408905,0.20362956821918488,0.6216461658477783,-0.12958799302577972,0.23516780138015747,0.45860278606414795,-0.15684343874454498,0.26375865936279297,0.32876014709472656,-0.17607302963733673,0.07390020042657852,0.9254590272903442,-0.10523393750190735,0.06069693714380264,0.7216131091117859,-0.14745640754699707,0.05313735455274582,0.5857425332069397,-0.16819536685943604,0.04606330394744873,0.46416130661964417,-0.18040399253368378
A,0.1704745888710022,1.2441599369049072,1.1550120007086662e-06,0.14524757862091064,1.0480588674545288,0.011651567183434963,0.135089710354805,0.8333920240402222,-0.010002165101468563,0.16016525030136108,0.6703559160232544,-0.03685406967997551,0.18866845965385437,0.5462238192558289,-0.06675881892442703,0.09467104822397232,0.7272505760192871,-0.07911684364080429,0.12840384244918823,0.44474703073501587,-0.1367122232913971,0.17386357486248016,0.29539135098457336,-0.17021188139915466,0.21340706944465637,0.18536049127578735,-0.19085748493671417,0.11354561150074005,0.7954883575439453,-0.11512907594442368,0.17811976373195648,0.48347997665405273,-0.1759233921766281,0.2520845830440521,0.3189394176006317,-0.2018934041261673,0.31208881735801697,0.20346592366695404,-0.21681460738182068,0.15729859471321106,0.8792736530303955,-0.14800739288330078,0.2259971797466278,0.5806726217269897,-0.201692134141922,0.2968578636646271,0.4168097674846649,-0.22118866443634033,0.3503400981426239,0.2997311055660248,-0.23091161251068115,0.21771323680877686,0.9661263823509216,-0.17799966037273407,0.2848469316959381,0.7488645315170288,-0.2191951423883438,0.33419594168663025,0.6262466907501221,-0.23138359189033508,0.3748636245727539,0.5264059901237488,-0.2371443510055542
A,0.1713373064994812,1.134709358215332,1.0121985951627721e-06,0.1184198185801506,0.9590596556663513,0.011279115453362465,0.1080058142542839,0.7707744240760803,-0.010251798667013645,0.13860170543193817,0.6153873801231384,-0.03410561382770538,0.18240255117416382,0.5050923228263855,-0.05868270620703697,0.07091198861598969,0.6932612657546997,-0.08597434312105179,0.10207784175872803,0.43725818395614624,-0.13629139959812164,0.1531887650489807,0.3118450939655304,-0.1611289530992508,0.19728818535804749,0.2326432764530182,-0.1738743633031845,0.1112293154001236,0.7641472220420837,-0.11478347331285477,0.1819375455379486,0.4694667160511017,-0.16610409319400787,0.24955278635025024,0.344048410654068,-0.1793244630098343,0.29732662439346313,0.273651123046875,-0.18454842269420624,0.17170210182666779,0.8344701528549194,-0.13890178501605988,0.24777676165103912,0.5554710626602173,-0.17816892266273499,0.31012412905693054,0.42427632212638855,-0.17782379686832428,0.3523417115211487,0.3409692943096161,-0.17351166903972626,0.24103133380413055,0.897186815738678,-0.16049204766750336,0.30729547142982483,0.6772573590278625,-0.18225154280662537,0.34657779335975647,0.5665543675422668,-0.17560456693172455,0.374647319316864,0.4802583158016205,-0.1673857718706131
A,0.8775549530982971,0.7088106274604797,4.924912673232029e-07,0.7923247814178467,0.7324034571647644,-0.03139973431825638,0.7042632102966309,0.693565309047699,-0.042123038321733475,0.6377216577529907,0.6248052716255188,-0.05093250423669815,0.5814960598945618,0.5624797344207764,-0.056778375059366226,0.6603308916091919,0.5125773549079895,0.0024832477793097496,0.5963882803916931,0.4189908504486084,-0.01584557443857193,0.5620020031929016,0.3568863868713379,-0.0354425422847271,0.5321375131607056,0.2950729429721832,-0.05080565810203552,0.6890540719032288,0.4436326324939728,0.001165297580882907,0.6249071359634399,0.33345457911491394,-0.012395044788718224,0.5869898796081543,0.26168307662010193,-0.029914170503616333,0.5523717999458313,0.19458156824111938,-0.043737128376960754,0.7295304536819458,0.4052666127681732,-0.00726874265819788,0.6740327477455139,0.29435595870018005,-0.024831941351294518,0.6382407546043396,0.22336538136005402,-0.038368526846170425,0.6027881503105164,0.15977397561073303,-0.04864068329334259,0.7803876996040344,0.38507676124572754,-0.01964704319834709,0.7478833794593811,0.285976767539978,-0.03605415299534798,0.7240771651268005,0.22295670211315155,-0.04347420856356621,0.6977207660675049,0.16381196677684784,-0.04881015792489052
A,0.8419368267059326,0.6746584177017212,-7.946799200908572e-07,0.7473042607307434,0.5752958655357361,-0.01244690828025341,0.713823139667511,0.4338150918483734,-0.0211364533752203,0.7000648379325867,0.31207582354545593,-0.031102241948246956,0.6769002079963684,0.2172207087278366,-0.036426566541194916,0.7976576685905457,0.28421106934547424,-0.012175556272268295,0.705883264541626,0.23326537013053894,-0.04692982882261276,0.6864423155784607,0.32378846406936646,-0.0650574266910553,0.6986212730407715,0.38117703795433044,-0.07329918444156647,0.8244781494140625,0.30897024273872375,-0.02025059424340725,0.7090957760810852,0.29688024520874023,-0.055224306881427765,0.7020727396011353,0.3980109989643097,-0.05897993594408035,0.7276687026023865,0.43353042006492615,-0.05598316714167595,0.8389370441436768,0.361056923866272,-0.0329325832426548,0.724428117275238,0.3862951397895813,-0.06217368319630623,0.725853681564331,0.47000566124916077,-0.04984358325600624,0.7540915608406067,0.48447930812835693,-0.03727825731039047,0.839739203453064,0.4289863407611847,-0.04809341952204704,0.7483444213867188,0.4758976995944977,-0.06546536833047867,0.7499308586120605,0.5261275768280029,-0.06050712987780571,0.7755400538444519,0.5265811085700989,-0.053350288420915604
A,0.8769727945327759,0.7569442987442017,4.234165089656017e-07,0.7959430813789368,0.7928676605224609,-0.03284142166376114,0.7002745866775513,0.7624010443687439,-0.047933660447597504,0.6234714984893799,0.7310494780540466,-0.061283525079488754,0.561906099319458,0.7589647173881531,-0.0752471461892128,0.6590824127197266,0.5525735020637512,-0.02069013938307762,0.5762225389480591,0.47453486919403076,-0.04503307864069939,0.5230790376663208,0.4234429895877838,-0.06768950074911118,0.4775596261024475,0.3737011253833771,-0.08605953305959702,0.6909922957420349,0.4689321517944336,-0.026609215885400772,0.6132777333259583,0.3531474471092224,-0.04612971097230911,0.5632345676422119,0.2804737687110901,-0.06700421124696732,0.5179070234298706,0.2170146256685257,-0.08337783068418503,0.7393236756324768,0.4195820093154907,-0.03782898932695389,0.679123044013977,0.2941339313983917,-0.061382781714200974,0.6398442983627319,0.21412979066371918,-0.07934205234050751,0.6004945039749146,0.14493826031684875,-0.09306661784648895,0.798257052898407,0.39891043305397034,-0.05232923850417137,0.7747372388839722,0.287143349647522,-0.07412014156579971,0.7585829496383667,0.21285420656204224,-0.08325494080781937,0.7399188876152039,0.14502103626728058,-0.09016171842813492
A,0.8762931227684021,0.7471083402633667,4.444449928087124e-07,0.7929127812385559,0.7885787487030029,-0.03915208578109741,0.6962637305259705,0.7732900977134705,-0.06014571711421013,0.6137987971305847,0.7580723762512207,-0.07867442816495895,0.5477237105369568,0.7898232936859131,-0.09699063748121262,0.6498841047286987,0.5449699759483337,-0.02467447891831398,0.5628008842468262,0.48049965500831604,-0.053005073219537735,0.5072994232177734,0.44061198830604553,-0.07900431007146835,0.4582294225692749,0.3992063105106354,-0.09982434660196304,0.6792324781417847,0.4591856896877289,-0.029652873054146767,0.5972442030906677,0.3502182066440582,-0.05318909138441086,0.5444852709770203,0.28505179286003113,-0.07591300457715988,0.49450525641441345,0.22765593230724335,-0.09350039064884186,0.7270619869232178,0.409132719039917,-0.04095490276813507,0.6612303256988525,0.2871534526348114,-0.06897090375423431,0.6190363764762878,0.21316829323768616,-0.08630024641752243,0.5751977562904358,0.14651037752628326,-0.09882277995347977,0.7875081300735474,0.38733944296836853,-0.05620041489601135,0.7586559653282166,0.2721167504787445,-0.0811670795083046,0.738018274307251,0.19616006314754486,-0.09039949625730515,0.7137284874916077,0.12475252896547318,-0.09693290293216705
A,0.895934522151947,0.628792941570282,-3.712071361405833e-07,0.7864814400672913,0.5647521615028381,-0.007011374458670616,0.7160789966583252,0.4594962000846863,-0.018193578347563744,0.6634542346000671,0.36469823122024536,-0.032749731093645096,0.6139907240867615,0.29541873931884766,-0.04894675314426422,0.7323600053787231,0.30123868584632874,-0.032078567892313004,0.6877720952033997,0.17035764455795288,-0.06865020096302032,0.6507344841957092,0.08057663589715958,-0.0885603055357933,0.6180269122123718,0.00831681303679943,-0.10235852003097534,0.7764537930488586,0.3137461245059967,-0.04626808688044548,0.6553328037261963,0.42176398634910583,-0.09875250607728958,0.6427447199821472,0.5453011989593506,-0.1053258404135704,0.6564045548439026,0.6148521900177002,-0.10129207372665405,0.8089824318885803,0.3798646628856659,-0.06202618032693863,0.6929185390472412,0.5233951807022095,-0.10944725573062897,0.6988332867622375,0.6135003566741943,-0.09682034701108932,0.7208032608032227,0.6416776180267334,-0.07808797061443329,0.8337653279304504,0.4681425094604492,-0.07839317619800568,0.7403262853622437,0.5839085578918457,-0.10883784294128418,0.7353836297988892,0.6415652632713318,-0.10228335857391357,0.7487918734550476,0.6490901708602905,-0.08977063745260239
A,0.8587208390235901,0.6465922594070435,1.4375706314240233e-07,0.7568169236183167,0.6253169178962708,-0.0072564780712127686,0.6817176342010498,0.5387064814567566,-0.023089369758963585,0.6369174122810364,0.4465457797050476,-0.04000936448574066,0.5942486524581909,0.3716716468334198,-0.060838937759399414,0.6904155015945435,0.43593063950538635,-0.058231454342603683,0.6342805027961731,0.33683717250823975,-0.09258799999952316,0.5924025177955627,0.2680840790271759,-0.11418918520212173,0.5525344610214233,0.21103590726852417,-0.1311705857515335,0.7217432856559753,0.43989935517311096,-0.07522711902856827,0.6168177723884583,0.47162002325057983,-0.11077610403299332,0.5436933040618896,0.5224443674087524,-0.1290469616651535,0.48470351099967957,0.5762908458709717,-0.14516250789165497,0.7538598775863647,0.4869452118873596,-0.09138426184654236,0.6409943103790283,0.5421919226646423,-0.12730397284030914,0.5727766156196594,0.5976259708404541,-0.13982722163200378,0.5195296406745911,0.6504987478256226,-0.1496613770723343,0.7821058630943298,0.5638646483421326,-0.10672904551029205,0.7042499780654907,0.6146339774131775,-0.13927991688251495,0.6646468639373779,0.6513893008232117,-0.15139345824718475,0.6318457722663879,0.68214350938797,-0.1595844030380249
A,0.8929932117462158,0.7172217965126038,5.290750095809926e-07,0.835174024105072,0.7865973114967346,-0.06026861444115639,0.7593864798545837,0.7943226099014282,-0.09004431962966919,0.6870790719985962,0.7711637020111084,-0.11170932650566101,0.6261194348335266,0.8000481724739075,-0.130522683262825,0.6614596247673035,0.5896175503730774,-0.05076563358306885,0.5648310780525208,0.5523167252540588,-0.08181816339492798,0.5043500661849976,0.5264912247657776,-0.10782653093338013,0.45105159282684326,0.49791109561920166,-0.12653623521327972,0.6708517074584961,0.4964638948440552,-0.04044582322239876,0.5716369152069092,0.4167913794517517,-0.06226636841893196,0.509577751159668,0.3740254342556,-0.08052989095449448,0.45734187960624695,0.3395226001739502,-0.09400780498981476,0.7032645344734192,0.4358106255531311,-0.0368281789124012,0.6202371716499329,0.35644081234931946,-0.056378286331892014,0.566675066947937,0.3090236485004425,-0.06850120425224304,0.5201741456985474,0.2713595926761627,-0.07785187661647797,0.7519410252571106,0.39795535802841187,-0.039722442626953125,0.7042698860168457,0.3137996196746826,-0.05402358993887901,0.6726792454719543,0.26399359107017517,-0.058984823524951935,0.6430901288986206,0.22150415182113647,-0.0626084953546524
A,0.8460178971290588,0.6898460984230042,-6.016491624905029e-07,0.7641052007675171,0.6729378700256348,-0.014572559855878353,0.6841874122619629,0.5646435618400574,-0.024985022842884064,0.6463351845741272,0.4605460464954376,-0.04128299653530121,0.6248147487640381,0.3729911744594574,-0.053515490144491196,0.679291844367981,0.389382541179657,0.0010718886042013764,0.6395080089569092,0.23651860654354095,-0.04383215680718422,0.6085897088050842,0.3043633997440338,-0.07149321585893631,0.6095501184463501,0.38462334871292114,-0.08259732276201248,0.7176279425621033,0.36087852716445923,-0.014339884743094444,0.672243058681488,0.19551511108875275,-0.05968068167567253,0.6453436017036438,0.318466454744339,-0.07200196385383606,0.6574963927268982,0.4051420986652374,-0.06749583035707474,0.7623682022094727,0.3587567210197449,-0.036816682666540146,0.7236340641975403,0.18674007058143616,-0.07467661052942276,0.7002034187316895,0.3010568618774414,-0.06911617517471313,0.7146456837654114,0.38495299220085144,-0.05480562523007393,0.8130186200141907,0.37825536727905273,-0.061791982501745224,0.7735494375228882,0.2784075438976288,-0.08230650424957275,0.7545844316482544,0.3506559729576111,-0.07335729151964188,0.7693331241607666,0.4076669216156006,-0.0604093000292778
A,0.8495215177536011,0.6819644570350647,-6.760471933375811e-07,0.7577048540115356,0.6492897272109985,-0.01235900353640318,0.6854650974273682,0.5327296257019043,-0.022653598338365555,0.6524039506912231,0.41878876090049744,-0.038354381918907166,0.6247725486755371,0.3334958553314209,-0.04971402511000633,0.6886733174324036,0.36542534828186035,-0.002525714226067066,0.6477605104446411,0.22856169939041138,-0.047103866934776306,0.6215854287147522,0.31255561113357544,-0.06973911821842194,0.6271284222602844,0.3840482234954834,-0.07842403650283813,0.7323113083839417,0.34885096549987793,-0.018939131870865822,0.6842634081840515,0.22521944344043732,-0.05922144278883934,0.6648874282836914,0.36511367559432983,-0.06304518133401871,0.6829038262367249,0.4189887046813965,-0.05572151392698288,0.7811999917030334,0.3628385066986084,-0.042434677481651306,0.7309548258781433,0.2499724179506302,-0.08083686232566833,0.7121012806892395,0.3904128074645996,-0.06539095938205719,0.7313053011894226,0.4469940662384033,-0.04599205031991005,0.8314574956893921,0.4000217914581299,-0.06820762902498245,0.7790910005569458,0.36410510540008545,-0.09051820635795593,0.7570878863334656,0.4571455717086792,-0.0778634250164032,0.7713618278503418,0.49193713068962097,-0.06292437762022018
A,0.8874691724777222,0.7206082344055176,2.650141368576442e-07,0.7982351183891296,0.751861572265625,-0.021645482629537582,0.7039696574211121,0.7150564789772034,-0.02557520940899849,0.6382395029067993,0.6430460214614868,-0.0301654115319252,0.5880293250083923,0.5709217190742493,-0.02977968379855156,0.6439883708953857,0.5402055978775024,0.03093625418841839,0.580475389957428,0.4823063910007477,0.015659861266613007,0.5608485341072083,0.4560402035713196,-0.005093809217214584,0.5586063265800476,0.4464532136917114,-0.019356748089194298,0.6767972111701965,0.46168118715286255,0.02765781246125698,0.6174497604370117,0.37278836965560913,0.01908271759748459,0.5937066078186035,0.3258057236671448,0.0008176180417649448,0.5852800011634827,0.3052923083305359,-0.012397067621350288,0.7213989496231079,0.4197562038898468,0.016316751018166542,0.6741328239440918,0.3296048641204834,0.002414153888821602,0.6470963954925537,0.2836861312389374,-0.008515875786542892,0.6340481638908386,0.2640435993671417,-0.015693949535489082,0.7794650197029114,0.3934144675731659,0.0015094318659976125,0.7537774443626404,0.30818629264831543,-0.012906594201922417,0.7341395616531372,0.2635548710823059,-0.018742477521300316,0.7180657982826233,0.23487308621406555,-0.02117929235100746
A,0.8484053015708923,0.7047255039215088,-4.552448444883339e-07,0.7667905688285828,0.6703729033470154,-0.006256811786442995,0.6915827989578247,0.5539565682411194,-0.014082260429859161,0.6527582406997681,0.44956138730049133,-0.028409136459231377,0.625333845615387,0.3636966347694397,-0.04062151908874512,0.69107586145401,0.3963097929954529,0.0016369720688089728,0.6502242088317871,0.2414833903312683,-0.040133532136678696,0.6078574061393738,0.2669723331928253,-0.06851537525653839,0.5911760330200195,0.3259689211845398,-0.08111688494682312,0.7299870848655701,0.3775586485862732,-0.018786558881402016,0.6887205839157104,0.18810807168483734,-0.06156262755393982,0.6378592848777771,0.26443395018577576,-0.08002915233373642,0.6280011534690857,0.3599475026130676,-0.08204803615808487,0.7739224433898926,0.38656437397003174,-0.04464225471019745,0.736029326915741,0.2047131210565567,-0.08185509592294693,0.6896508932113647,0.2928096354007721,-0.08850990235805511,0.6840420365333557,0.3824647068977356,-0.08413109928369522,0.8201181292533875,0.4205074608325958,-0.07183444499969482,0.771763026714325,0.32456403970718384,-0.09824170172214508,0.7368307709693909,0.39035382866859436,-0.09945085644721985,0.735602617263794,0.46096271276474,-0.09421193599700928
A,0.8470331430435181,0.6559810638427734,-6.067361368877755e-07,0.8109026551246643,0.5019165873527527,0.020268801599740982,0.762796938419342,0.38919854164123535,0.011922357603907585,0.7068736553192139,0.32741111516952515,-0.0003435886756051332,0.6537705659866333,0.30877062678337097,-0.013831743970513344,0.7511369585990906,0.3101561367511749,-0.05326655134558678,0.6483725309371948,0.18870583176612854,-0.08748872578144073,0.5916012525558472,0.2417743057012558,-0.09165623039007187,0.5726373791694641,0.314071923494339,-0.08660421520471573,0.7513890862464905,0.368465393781662,-0.07547654956579208,0.6170881986618042,0.29010918736457825,-0.10672956705093384,0.563171923160553,0.3718646466732025,-0.09897636622190475,0.5584949254989624,0.4373209774494171,-0.08887416124343872,0.744009256362915,0.45614898204803467,-0.09404092282056808,0.6159899234771729,0.4078484773635864,-0.11693411320447922,0.5732875466346741,0.47918039560317993,-0.10328042507171631,0.5715457201004028,0.5302297472953796,-0.0909484252333641,0.7347907423973083,0.5589153170585632,-0.10956404358148575,0.6338515877723694,0.5620545148849487,-0.12783847749233246,0.5934273600578308,0.587136447429657,-0.12388145923614502,0.5795928239822388,0.5985687971115112,-0.11690661311149597
A,0.8217200040817261,0.7439393997192383,-1.7760169157554628e-07,0.8085006475448608,0.5776694416999817,0.02203979343175888,0.7652925252914429,0.45369938015937805,0.017618628218770027,0.7106703519821167,0.40632304549217224,0.01011548563838005,0.6572211384773254,0.4200296401977539,0.0023368182592093945,0.7511122226715088,0.3976634740829468,-0.038283571600914,0.6655529737472534,0.24597285687923431,-0.056812066584825516,0.6110864281654358,0.26685941219329834,-0.052941154688596725,0.5882679224014282,0.31717821955680847,-0.04363670572638512,0.7176356315612793,0.4621369540691376,-0.05565670505166054,0.6000810265541077,0.3321876525878906,-0.06952626258134842,0.5653408169746399,0.38170546293258667,-0.0540388748049736,0.5684139132499695,0.4306347370147705,-0.03961757570505142,0.6835746765136719,0.545823872089386,-0.06812188029289246,0.5733609199523926,0.4453161656856537,-0.07126490026712418,0.5699691772460938,0.4912261664867401,-0.045948900282382965,0.5972112417221069,0.5305777788162231,-0.027379851788282394,0.6566306948661804,0.6357593536376953,-0.07820788770914078,0.5746591091156006,0.5732974410057068,-0.07329186052083969,0.5742669701576233,0.589997410774231,-0.051341522485017776,0.5995054841041565,0.6079505681991577,-0.033570725470781326
A,0.8492631912231445,0.7521613836288452,1.474995201533602e-07,0.7539018392562866,0.8263219594955444,-0.015115960501134396,0.6634354591369629,0.8180449604988098,-0.010398689657449722,0.5925126075744629,0.7500340342521667,-0.008923179470002651,0.5390594601631165,0.6961392760276794,-0.0037080622278153896,0.6184680461883545,0.6908683180809021,0.05782702565193176,0.5571735501289368,0.6500228643417358,0.051827896386384964,0.5388356447219849,0.618763267993927,0.030327551066875458,0.5374011993408203,0.606511116027832,0.014989837072789669,0.6385965347290039,0.6145008206367493,0.05686952546238899,0.5673685073852539,0.5524725914001465,0.050967417657375336,0.5498878359794617,0.5283315181732178,0.02060876227915287,0.561648964881897,0.5391502380371094,-0.0006557543529197574,0.6681362986564636,0.5580387711524963,0.048772312700748444,0.6049189567565918,0.4826371967792511,0.038032155483961105,0.5819359421730042,0.4592072069644928,0.01144692488014698,0.5996276140213013,0.4862091839313507,-0.004926388151943684,0.7084729671478271,0.4989137351512909,0.03811345994472504,0.6611357927322388,0.42054274678230286,0.028256135061383247,0.633070707321167,0.3978528678417206,0.013963433913886547,0.6317224502563477,0.4152384400367737,0.004977628588676453
A,0.8534893989562988,0.729453444480896,1.2162519169578445e-07,0.7591284513473511,0.7854855060577393,-0.01274405512958765,0.6724581122398376,0.7469148635864258,-0.007725155912339687,0.6138563752174377,0.6616523265838623,-0.004800275433808565,0.5736610293388367,0.6041053533554077,0.0020838358905166388,0.6395805478096008,0.6296175718307495,0.04736405611038208,0.5863299369812012,0.5661929249763489,0.03909043222665787,0.5734366178512573,0.5371763706207275,0.018872389569878578,0.5780760645866394,0.538054347038269,0.00567760830745101,0.6650353670120239,0.5632396936416626,0.04671754315495491,0.6051619648933411,0.4841521978378296,0.03794092312455177,0.5950003862380981,0.4582578241825104,0.011020113714039326,0.6096487045288086,0.47790247201919556,-0.006359300576150417,0.696708619594574,0.5189861059188843,0.0399639718234539,0.6441236138343811,0.43296748399734497,0.02950925938785076,0.6240136027336121,0.4072825312614441,0.0069495439529418945,0.6372473835945129,0.4334288537502289,-0.006900483276695013,0.7373672723770142,0.47382524609565735,0.031151941046118736,0.7027323842048645,0.39289382100105286,0.021741636097431183,0.6772362589836121,0.36007294058799744,0.008602838963270187,0.6699563264846802,0.36390864849090576,0.00024860716075636446
A,0.5905910134315491,0.6776114106178284,-1.1749690429496695e-06,0.6009368896484375,0.458210289478302,-0.08633551746606827,0.604149341583252,0.27227917313575745,-0.15272821485996246,0.5750405192375183,0.13269293308258057,-0.21037708222866058,0.536012589931488,0.067038394510746,-0.25663644075393677,0.8054073452949524,0.2683435082435608,-0.14427988231182098,0.6085092425346375,0.05646655708551407,-0.2415703684091568,0.4937496781349182,0.12454356253147125,-0.27772825956344604,0.49180513620376587,0.20014461874961853,-0.29413798451423645,0.7962476015090942,0.4702474772930145,-0.15126021206378937,0.5486910939216614,0.22123248875141144,-0.23962272703647614,0.4336074888706207,0.3067099452018738,-0.24043017625808716,0.4578784704208374,0.37977325916290283,-0.23134109377861023,0.7437960505485535,0.661085307598114,-0.16829608380794525,0.5024383664131165,0.44685137271881104,-0.25241780281066895,0.4145036041736603,0.4773736596107483,-0.2196553349494934,0.44545018672943115,0.5210466384887695,-0.1867554932832718,0.6749662756919861,0.824682891368866,-0.19470146298408508,0.468462198972702,0.6787717342376709,-0.2492479383945465,0.4043329060077667,0.6380216479301453,-0.23432010412216187,0.4241551160812378,0.6260806322097778,-0.21395955979824066
A,0.5493607521057129,0.7169662714004517,-1.0779677950267796e-06,0.5743497610092163,0.4681500792503357,-0.05220692977309227,0.5841445326805115,0.2807248532772064,-0.0978410392999649,0.545604944229126,0.18524013459682465,-0.13969963788986206,0.5018653869628906,0.20629149675369263,-0.17505361139774323,0.7623510360717773,0.2864479422569275,-0.10369725525379181,0.5760631561279297,0.0921766459941864,-0.1732596457004547,0.4742812216281891,0.172621950507164,-0.1949988752603531,0.47587862610816956,0.26305124163627625,-0.20380035042762756,0.7547376751899719,0.458705872297287,-0.11475913226604462,0.5298501253128052,0.25235721468925476,-0.17667080461978912,0.43375033140182495,0.3373192548751831,-0.17046234011650085,0.45691707730293274,0.4095977544784546,-0.15963061153888702,0.7060476541519165,0.6298969388008118,-0.1322518289089203,0.49395275115966797,0.4609573185443878,-0.19116099178791046,0.4224185347557068,0.5006496906280518,-0.16420650482177734,0.45506468415260315,0.5501362085342407,-0.13803307712078094,0.643146276473999,0.7844070792198181,-0.15522779524326324,0.4764401614665985,0.6672749519348145,-0.19193638861179352,0.4168829917907715,0.6354818344116211,-0.17649535834789276,0.42608317732810974,0.6360514163970947,-0.15788909792900085
A,0.5693591833114624,0.7264363169670105,-9.450175753045187e-07,0.5807485580444336,0.5185293555259705,-0.04175272583961487,0.5739762187004089,0.3595014810562134,-0.0819423645734787,0.5338616967201233,0.267547607421875,-0.11920907348394394,0.4991595447063446,0.27293911576271057,-0.15140481293201447,0.7167704701423645,0.3353651463985443,-0.09445115923881531,0.5570683479309082,0.17314058542251587,-0.15082333981990814,0.4749104082584381,0.2518151104450226,-0.1665930598974228,0.47742989659309387,0.32731619477272034,-0.17252863943576813,0.7115654945373535,0.4772206246852875,-0.10474972426891327,0.5185209512710571,0.311401903629303,-0.1540241241455078,0.44091561436653137,0.3912731111049652,-0.14743244647979736,0.45776474475860596,0.4501979351043701,-0.1391693502664566,0.6739266514778137,0.6200253367424011,-0.11907573789358139,0.490005224943161,0.47757095098495483,-0.16557259857654572,0.4319489598274231,0.5207774639129639,-0.14196954667568207,0.45637449622154236,0.5639020204544067,-0.12147866189479828,0.6254147291183472,0.7491636872291565,-0.1377316415309906,0.4765072464942932,0.6476805210113525,-0.16707032918930054,0.42382895946502686,0.624530553817749,-0.15303988754749298,0.42619210481643677,0.6211769580841064,-0.1378520280122757
A,0.5919404625892639,0.7278833985328674,-8.325529279318289e-07,0.6033033132553101,0.5282794237136841,-0.03528422862291336,0.5984376072883606,0.3715530335903168,-0.06890647858381271,0.5674457550048828,0.28407320380210876,-0.09996038675308228,0.5340526103973389,0.2829161286354065,-0.1284107118844986,0.7004539370536804,0.3498212993144989,-0.09375845640897751,0.5486769676208496,0.2005648910999298,-0.14430925250053406,0.46861422061920166,0.26022735238075256,-0.1562098264694214,0.4604930877685547,0.3388104736804962,-0.15921330451965332,0.6894646286964417,0.4831923544406891,-0.10396458208560944,0.5080527663230896,0.3227071762084961,-0.14974436163902283,0.44092297554016113,0.3904271721839905,-0.1410701721906662,0.44862106442451477,0.45410922169685364,-0.13143731653690338,0.6541089415550232,0.6156373620033264,-0.11699294298887253,0.48109033703804016,0.4770541787147522,-0.160949245095253,0.4316648244857788,0.5230259299278259,-0.13646696507930756,0.4505637288093567,0.5716687440872192,-0.11490781605243683,0.6108802556991577,0.7364986538887024,-0.13314113020896912,0.47799959778785706,0.6409540176391602,-0.16585120558738708,0.43580347299575806,0.6325268745422363,-0.15405452251434326,0.4401688575744629,0.6415057182312012,-0.13957802951335907
A,0.7783743739128113,0.7078744769096375,-6.096519769016595e-07,0.75165194272995,0.5357617139816284,0.020240532234311104,0.7048178911209106,0.410900741815567,0.008156007155776024,0.6391338109970093,0.35555946826934814,-0.00696001248434186,0.5827157497406006,0.35557639598846436,-0.024200143292546272,0.7012414336204529,0.32840460538864136,-0.062493618577718735,0.5641431212425232,0.22574901580810547,-0.09402870386838913,0.5065057277679443,0.2899401783943176,-0.09632973372936249,0.4994509816169739,0.35897955298423767,-0.09101749956607819,0.6888171434402466,0.41337138414382935,-0.08589644730091095,0.5394250750541687,0.3061179220676422,-0.11206148564815521,0.48566916584968567,0.372628778219223,-0.10015546530485153,0.4848591089248657,0.4303303360939026,-0.08919340372085571,0.6671831011772156,0.5178162455558777,-0.10465782880783081,0.5277312397956848,0.414306640625,-0.12382426112890244,0.4848306179046631,0.4602988362312317,-0.10476621240377426,0.48755985498428345,0.5005432367324829,-0.09005599468946457,0.6438457369804382,0.6316914558410645,-0.12013937532901764,0.5334927439689636,0.554986834526062,-0.13550099730491638,0.49525186419487,0.5493454337120056,-0.1249084398150444,0.4861026108264923,0.5497809648513794,-0.11420577764511108
A,0.14276783168315887,0.9934535026550293,4.836325047108403e-07,0.21239124238491058,0.9110930562019348,-0.018469003960490227,0.2569122910499573,0.754726767539978,-0.024718724191188812,0.27474096417427063,0.6320846080780029,-0.03545660525560379,0.2851669490337372,0.5444129109382629,-0.04598456621170044,0.20688141882419586,0.5849129557609558,0.007287685759365559,0.22582821547985077,0.45756304264068604,-0.020359227433800697,0.2559773325920105,0.39163509011268616,-0.04241236671805382,0.2825496792793274,0.3499380946159363,-0.05607804283499718,0.16612683236598969,0.5909669399261475,-0.0011784170055761933,0.1889001727104187,0.45125603675842285,-0.046294160187244415,0.24209783971309662,0.46890050172805786,-0.07485532015562057,0.280637264251709,0.524179995059967,-0.08456321060657501,0.12376242130994797,0.6208376288414001,-0.014510597102344036,0.15029723942279816,0.5076760649681091,-0.06175394356250763,0.2041381150484085,0.5528891682624817,-0.07910051196813583,0.2412656843662262,0.621451199054718,-0.07845733314752579,0.07900385558605194,0.6710872650146484,-0.02944081276655197,0.10983599722385406,0.5801470875740051,-0.06732478737831116,0.15566453337669373,0.5812802910804749,-0.08168783038854599,0.19360969960689545,0.6038903594017029,-0.0841488391160965
A,0.1534673422574997,0.962266206741333,4.090416894086957e-07,0.2101292759180069,0.8977232575416565,-0.019748667255043983,0.25500521063804626,0.7428122758865356,-0.031172217801213264,0.27577146887779236,0.6235686540603638,-0.04454446956515312,0.3009933829307556,0.536316454410553,-0.055466920137405396,0.198214590549469,0.5820701122283936,-0.00853234063833952,0.20646560192108154,0.41649529337882996,-0.041570425033569336,0.24453727900981903,0.37519019842147827,-0.06540314108133316,0.2674787640571594,0.38706445693969727,-0.07740410417318344,0.1598518043756485,0.5834665298461914,-0.016767239198088646,0.1765085756778717,0.38622206449508667,-0.05757834389805794,0.23256178200244904,0.40484076738357544,-0.08093833178281784,0.2580494284629822,0.4707624316215515,-0.08761941641569138,0.11857444792985916,0.6107712984085083,-0.029092973098158836,0.14232242107391357,0.44206324219703674,-0.07237160950899124,0.20394542813301086,0.48663273453712463,-0.08099048584699631,0.22907955944538116,0.5470249056816101,-0.0768703818321228,0.07470770925283432,0.6664748787879944,-0.0425126850605011,0.11439231783151627,0.5771265625953674,-0.07904250919818878,0.14831480383872986,0.6057568788528442,-0.08421345800161362,0.15068992972373962,0.6432607173919678,-0.08071572333574295
A,0.12329898029565811,0.9027052521705627,6.068610787224316e-07,0.10161142796278,0.7572906017303467,0.030304688960313797,0.08814522624015808,0.5992221236228943,0.026611752808094025,0.09367727488279343,0.48138830065727234,0.013738550245761871,0.11601629108190536,0.3890655040740967,0.0010363273322582245,0.0509025901556015,0.542433500289917,-0.02199629321694374,0.030105458572506905,0.34587404131889343,-0.053704485297203064,0.04554332047700882,0.23431098461151123,-0.06436712294816971,0.06646320968866348,0.1679290235042572,-0.0661877989768982,0.06631153076887131,0.5619660019874573,-0.05594154819846153,0.08663517236709595,0.3136870563030243,-0.09471040964126587,0.1549251675605774,0.25598689913749695,-0.09956324845552444,0.20909680426120758,0.274096816778183,-0.09043298661708832,0.1051483079791069,0.5984500050544739,-0.08607716858386993,0.1625654548406601,0.3865285813808441,-0.11866458505392075,0.2296513468027115,0.3437258005142212,-0.11134517192840576,0.26979419589042664,0.349367618560791,-0.09570782631635666,0.156724214553833,0.6489524245262146,-0.11282656341791153,0.22242970764636993,0.5022081732749939,-0.1294526308774948,0.26735788583755493,0.4742777943611145,-0.11809717118740082,0.2927265465259552,0.47873160243034363,-0.10234903544187546
A,0.14078688621520996,0.8918042778968811,3.8987872130746837e-07,0.0815366879105568,0.75426185131073,0.02602868340909481,0.06554778665304184,0.6094498634338379,0.02272597700357437,0.08316907286643982,0.4889105260372162,0.01860625483095646,0.10566467046737671,0.40455305576324463,0.014258828945457935,0.08015414327383041,0.5390007495880127,-0.0590105876326561,0.08981839567422867,0.313203364610672,-0.08937032520771027,0.10667672753334045,0.18480436503887177,-0.09626494348049164,0.1226007342338562,0.11031210422515869,-0.09212488681077957,0.1352437287569046,0.552975594997406,-0.07381067425012589,0.18185080587863922,0.2925775349140167,-0.09946120530366898,0.209081768989563,0.24623028934001923,-0.08237162232398987,0.21942093968391418,0.2790510952472687,-0.05866411700844765,0.19542691111564636,0.5851428508758545,-0.08112046122550964,0.2552470862865448,0.3719102144241333,-0.09275805950164795,0.2641983926296234,0.3490416407585144,-0.06173062324523926,0.25690484046936035,0.38480380177497864,-0.03083389438688755,0.24658635258674622,0.6383376717567444,-0.08451039344072342,0.2949363887310028,0.48306310176849365,-0.07450830936431885,0.29160141944885254,0.4799441993236542,-0.039241399616003036,0.27916818857192993,0.5186916589736938,-0.00678247632458806
A,0.1515408605337143,0.889553427696228,4.4224785256119503e-07,0.09866289049386978,0.7576146721839905,0.013946774415671825,0.08519656211137772,0.6126090884208679,0.003428011666983366,0.10657545924186707,0.49329614639282227,-0.006072178483009338,0.1419300138950348,0.4152195155620575,-0.014501652680337429,0.1022719070315361,0.5520117878913879,-0.07323618233203888,0.11668039113283157,0.3094289302825928,-0.1047535389661789,0.138692244887352,0.18515844643115997,-0.11026057600975037,0.15917490422725677,0.11595603078603745,-0.10548382252454758,0.15380312502384186,0.5703677535057068,-0.08374524861574173,0.20198781788349152,0.31149032711982727,-0.11195094138383865,0.23113135993480682,0.26372501254081726,-0.09653478860855103,0.24510960280895233,0.2902115285396576,-0.07521076500415802,0.21124178171157837,0.6060258746147156,-0.08758317679166794,0.2703275978565216,0.3925023674964905,-0.10041376948356628,0.28397873044013977,0.36490583419799805,-0.07243812829256058,0.283460795879364,0.3927266597747803,-0.04521697014570236,0.2606738805770874,0.6590384840965271,-0.0887233093380928,0.31193411350250244,0.5060199499130249,-0.08074942231178284,0.3080327808856964,0.4959765076637268,-0.04959676414728165,0.29500341415405273,0.5294485092163086,-0.021179454401135445
A,0.2426426112651825,0.9526398777961731,3.7367738059401745e-07,0.28805044293403625,0.8449687957763672,-0.0067044030874967575,0.28529858589172363,0.719738245010376,-0.006812456529587507,0.27778974175453186,0.6212270259857178,-0.011258348822593689,0.27242082357406616,0.5314214825630188,-0.013951055705547333,0.22142605483531952,0.6113042235374451,0.026798104867339134,0.24549411237239838,0.48895370960235596,0.008134969510138035,0.2774893045425415,0.4193403124809265,-0.011627878993749619,0.3059884011745453,0.3667949438095093,-0.02343697100877762,0.19515295326709747,0.5907065868377686,0.015193650498986244,0.21513395011425018,0.4461834728717804,0.0015769245801493526,0.2507304251194,0.3676842749118805,-0.01399393193423748,0.28684818744659424,0.31136390566825867,-0.02433297596871853,0.16565260291099548,0.5929988026618958,-0.002869505202397704,0.1750384122133255,0.4320060610771179,-0.01813884638249874,0.2109326869249344,0.3504663407802582,-0.030110908672213554,0.24803441762924194,0.2915913164615631,-0.03760950267314911,0.13398203253746033,0.6195005178451538,-0.023179182782769203,0.10787232220172882,0.49783921241760254,-0.0325155183672905,0.10239481180906296,0.4071443974971771,-0.03703039512038231,0.10703399032354355,0.327894389629364,-0.041181664913892746
A,0.30715712904930115,0.9615787267684937,2.626728416998958e-07,0.32488900423049927,0.8516654372215271,0.019196562469005585,0.3063540756702423,0.7575362324714661,0.03284211456775665,0.2997412085533142,0.6943731307983398,0.03664720803499222,0.2931184470653534,0.6349532008171082,0.04073905199766159,0.24718087911605835,0.7069916129112244,0.06544965505599976,0.2533267140388489,0.601192831993103,0.06133021041750908,0.27277788519859314,0.53079754114151,0.04781981185078621,0.2901996672153473,0.48279380798339844,0.03988015279173851,0.23639759421348572,0.6940913200378418,0.04631178453564644,0.23992794752120972,0.5680387616157532,0.04726492241024971,0.2591407597064972,0.4868106544017792,0.03445243090391159,0.28006044030189514,0.4262566566467285,0.02496613934636116,0.22527265548706055,0.6908893585205078,0.022461069747805595,0.2209758311510086,0.5623056888580322,0.023386729881167412,0.23715917766094208,0.48080241680145264,0.014758355915546417,0.2530817687511444,0.419627845287323,0.00829220935702324,0.2135349065065384,0.694698691368103,-0.0020706141367554665,0.19438906013965607,0.5815047025680542,0.0031077577732503414,0.18879197537899017,0.5093287229537964,0.005576977040618658,0.1875879466533661,0.45022568106651306,0.00577918253839016
A,0.3623332679271698,0.9733443856239319,2.820734437136707e-07,0.377887099981308,0.8622307181358337,0.018098466098308563,0.35831135511398315,0.7753819823265076,0.029501425102353096,0.3450762927532196,0.717135488986969,0.03378225862979889,0.33029869198799133,0.6646644473075867,0.038259103894233704,0.3005217909812927,0.7254461050033569,0.04208739846944809,0.30682262778282166,0.6115702390670776,0.035895347595214844,0.3202182948589325,0.5377902388572693,0.026440642774105072,0.33206436038017273,0.4797651171684265,0.02097352407872677,0.28839579224586487,0.7159981727600098,0.024878958240151405,0.28924763202667236,0.5834711194038391,0.020863844081759453,0.3031877875328064,0.5024271011352539,0.013602875173091888,0.319429874420166,0.436534583568573,0.008452284149825573,0.27370235323905945,0.7226426601409912,0.004412426147609949,0.26948457956314087,0.5842998623847961,-0.0005537449032999575,0.28286951780319214,0.5010510087013245,-0.007180927786976099,0.2957175672054291,0.43598151206970215,-0.011949711479246616,0.2577851116657257,0.7408404350280762,-0.01588410884141922,0.23178017139434814,0.6320037245750427,-0.019494805485010147,0.21972408890724182,0.5561589002609253,-0.021843450143933296,0.2136775106191635,0.48921579122543335,-0.024508511647582054
A,0.13190233707427979,0.9693941473960876,7.734153655292175e-07,0.23257431387901306,0.8920282125473022,-0.022525198757648468,0.28445160388946533,0.744022786617279,-0.01087261363863945,0.2974160313606262,0.6013748645782471,0.0011525391601026058,0.30724668502807617,0.5043720006942749,0.01334285456687212,0.217495858669281,0.5941601991653442,0.04315703734755516,0.24700357019901276,0.4574282765388489,0.05175235494971275,0.2624679207801819,0.36679932475090027,0.047029271721839905,0.2736894488334656,0.2975267469882965,0.04148073494434357,0.15620294213294983,0.5785582661628723,0.047676920890808105,0.16719451546669006,0.435137003660202,0.06183137372136116,0.1702793836593628,0.33948227763175964,0.0514708012342453,0.17654748260974884,0.2613559663295746,0.04180235415697098,0.0982123613357544,0.5991009473800659,0.045121848583221436,0.10559681057929993,0.45792534947395325,0.04782707244157791,0.10984949767589569,0.3618352711200714,0.031458914279937744,0.11615903675556183,0.2832389175891876,0.018307974562048912,0.036356061697006226,0.6542981266975403,0.039360981434583664,0.005480751395225525,0.5538329482078552,0.03099018521606922,-0.012586687691509724,0.4811394214630127,0.020702103152871132,-0.022132636979222298,0.41488415002822876,0.014461308717727661
A,0.06103692576289177,0.9772636890411377,-2.265693126446422e-07,0.1576251983642578,0.8272659182548523,0.007956585846841335,0.20661643147468567,0.6463755965232849,-0.005585526581853628,0.23899874091148376,0.5082293748855591,-0.030737053602933884,0.2678612470626831,0.38498085737228394,-0.057122744619846344,0.12289483845233917,0.4579496681690216,-0.01603599637746811,0.14634306728839874,0.2762260437011719,-0.055036816745996475,0.1751728057861328,0.15745213627815247,-0.07617839425802231,0.19815704226493835,0.06539420783519745,-0.088808573782444,0.07072606682777405,0.4729788303375244,-0.04492267221212387,0.21160291135311127,0.5088881850242615,-0.10219436138868332,0.23353682458400726,0.6708821654319763,-0.11005190759897232,0.21171236038208008,0.7492997050285339,-0.10342490673065186,0.038051292300224304,0.5417686700820923,-0.0742206797003746,0.1807459592819214,0.6024582386016846,-0.13236452639102936,0.18553361296653748,0.7523300647735596,-0.11549662798643112,0.1560947597026825,0.8093560934066772,-0.09081319719552994,0.01944512315094471,0.6352651715278625,-0.10311655700206757,0.12832579016685486,0.6536161303520203,-0.13738146424293518,0.14928476512432098,0.7556842565536499,-0.11743514239788055,0.13308782875537872,0.8095114827156067,-0.09320677816867828
A,0.06109270080924034,0.9570053219795227,8.868257737049134e-07,0.15256625413894653,0.7702497243881226,0.024905826896429062,0.17755456268787384,0.6267290711402893,0.011954951100051403,0.20161759853363037,0.5167357325553894,-0.015390010550618172,0.23362717032432556,0.4261312782764435,-0.04404834657907486,0.06892579793930054,0.4427301585674286,-0.011794095858931541,0.0788159966468811,0.2805941700935364,-0.051689837127923965,0.08796382695436478,0.16228312253952026,-0.07934331148862839,0.09497201442718506,0.06414277851581573,-0.09844879806041718,0.03918109089136124,0.47251492738723755,-0.05090678855776787,0.17421413958072662,0.35212135314941406,-0.10861577093601227,0.2696738541126251,0.3826653063297272,-0.13038399815559387,0.32760217785835266,0.4416712522506714,-0.13368964195251465,0.03628988191485405,0.5407862663269043,-0.08844024688005447,0.186073899269104,0.4638233482837677,-0.13905498385429382,0.27259159088134766,0.5196695923805237,-0.13731282949447632,0.3172304332256317,0.587085485458374,-0.12354552000761032,0.05073202773928642,0.6267060041427612,-0.12465159595012665,0.1729663610458374,0.5759943723678589,-0.153767392039299,0.23977644741535187,0.597613513469696,-0.14596574008464813,0.28126129508018494,0.6342412233352661,-0.13153815269470215
A,0.16485661268234253,1.0234761238098145,3.6626187238653074e-07,0.23502352833747864,0.9350414872169495,-0.004824317991733551,0.26124149560928345,0.8094311356544495,0.0066032614558935165,0.26182353496551514,0.7041584253311157,0.015530451200902462,0.2652316987514496,0.6295351982116699,0.025015735998749733,0.18182185292243958,0.6733023524284363,0.044559892266988754,0.18270184099674225,0.5559593439102173,0.047434013336896896,0.18728472292423248,0.4869436025619507,0.03933195397257805,0.1902606189250946,0.42784228920936584,0.0326709970831871,0.13278639316558838,0.6631220579147339,0.04010328650474548,0.12882259488105774,0.5313700437545776,0.04629196226596832,0.13726957142353058,0.457508385181427,0.036941252648830414,0.14851818978786469,0.39631929993629456,0.029192669317126274,0.08563839644193649,0.6773724555969238,0.030487703159451485,0.07316581159830093,0.5474846959114075,0.03127599507570267,0.0775672048330307,0.46468213200569153,0.020259441807866096,0.08672763407230377,0.39345377683639526,0.011795236729085445,0.03900114819407463,0.7193970084190369,0.01909576542675495,0.015160690993070602,0.6042891144752502,0.02023264206945896,0.008305501192808151,0.5334348082542419,0.020318349823355675,0.009860482066869736,0.47096526622772217,0.019734831526875496
A,0.18790200352668762,1.0196694135665894,4.721584900835296e-07,0.25011107325553894,0.9538621306419373,-0.008410562761127949,0.2716396749019623,0.8569411635398865,-0.006978725083172321,0.2725234627723694,0.7788336873054504,-0.007182186469435692,0.2777225077152252,0.7215638756752014,-0.0079423813149333,0.20265091955661774,0.6973931193351746,0.009502953849732876,0.18813152611255646,0.5619003176689148,0.0021036616526544094,0.17596614360809326,0.47111040353775024,-0.007914124988019466,0.16507107019424438,0.39916935563087463,-0.01586141437292099,0.16054318845272064,0.6926634907722473,0.00131487927865237,0.15064795315265656,0.5409319400787354,-0.0048668342642486095,0.1434495747089386,0.4386812150478363,-0.01908712461590767,0.1405896097421646,0.3523133099079132,-0.030296174809336662,0.11728762835264206,0.7125136256217957,-0.009828407317399979,0.109234519302845,0.5633317232131958,-0.02037271112203598,0.10534843057394028,0.46162205934524536,-0.03851920738816261,0.10570232570171356,0.3743445873260498,-0.05201645568013191,0.07130283117294312,0.7605701088905334,-0.02164176106452942,0.03494648635387421,0.658100426197052,-0.03475145250558853,0.014493581838905811,0.5864169597625732,-0.04412282630801201,0.0025040111504495144,0.5202941298484802,-0.05070142075419426
A,0.17910075187683105,0.9712056517601013,3.9776645621714124e-07,0.2335316389799118,0.9330199956893921,-0.011392916552722454,0.25317108631134033,0.8399068713188171,-0.010906142182648182,0.2515117824077606,0.7704347372055054,-0.010611857287585735,0.252453088760376,0.7342401742935181,-0.010613963939249516,0.19515493512153625,0.7098443508148193,0.0007180708926171064,0.1867249310016632,0.6060028672218323,-0.0072830552235245705,0.17783094942569733,0.5283111929893494,-0.016942549496889114,0.1679975837469101,0.4667726755142212,-0.024594945833086967,0.15583869814872742,0.6934202313423157,-0.00450729439035058,0.14951588213443756,0.5653558969497681,-0.011522140353918076,0.14649388194084167,0.47663649916648865,-0.022624533623456955,0.1437171846628189,0.39921918511390686,-0.031144894659519196,0.11358851939439774,0.6986506581306458,-0.01218902412801981,0.10564664751291275,0.5685076713562012,-0.02185961604118347,0.10732975602149963,0.4781784415245056,-0.035634417086839676,0.10904345661401749,0.40303903818130493,-0.04549026116728783,0.06796392053365707,0.7291854619979858,-0.02096858248114586,0.04108026623725891,0.6231026649475098,-0.03107181191444397,0.028174521401524544,0.5480959415435791,-0.037349849939346313,0.021956928074359894,0.4820537567138672,-0.04198608547449112
A,0.18789371848106384,1.083314299583435,3.863028439354821e-07,0.1606152057647705,1.015241026878357,-0.01832977496087551,0.1413595825433731,0.9153094291687012,-0.023778539150953293,0.1308167576789856,0.8333094120025635,-0.026288773864507675,0.12092294543981552,0.7696619033813477,-0.028714025393128395,0.1807013750076294,0.8987667560577393,-0.022055339068174362,0.19513708353042603,0.8106526732444763,-0.03547247499227524,0.20857292413711548,0.7567740678787231,-0.04353977367281914,0.2220693975687027,0.7159584164619446,-0.04828817769885063,0.21591602265834808,0.9123102426528931,-0.020054392516613007,0.24207617342472076,0.8249602317810059,-0.029314912855625153,0.2593330144882202,0.768259584903717,-0.03587773069739342,0.275733083486557,0.7279817461967468,-0.04167984053492546,0.24266403913497925,0.9389278888702393,-0.02012663520872593,0.26499614119529724,0.858453094959259,-0.03175400570034981,0.2792431712150574,0.80858314037323,-0.0369126982986927,0.2926334738731384,0.7730430960655212,-0.04014088213443756,0.26164937019348145,0.974628210067749,-0.02098078653216362,0.2819598317146301,0.9162089824676514,-0.0311073437333107,0.2944694459438324,0.8750295639038086,-0.03288431093096733,0.30525949597358704,0.8436944484710693,-0.03381670266389847
A,0.122616708278656,0.9153040051460266,8.866117013894836e-07,0.2120763510465622,0.8617016077041626,-0.04446403309702873,0.2797453701496124,0.7044581770896912,-0.061435215175151825,0.31610143184661865,0.5542845129966736,-0.07492078840732574,0.3559800982475281,0.43131038546562195,-0.0886513963341713,0.20058612525463104,0.4756840467453003,-0.02249143086373806,0.21219652891159058,0.2934713065624237,-0.051756493747234344,0.22548389434814453,0.187250018119812,-0.0756983533501625,0.2422669529914856,0.0976514145731926,-0.09262145310640335,0.1498269885778427,0.4603697955608368,-0.02242323011159897,0.163783460855484,0.26915502548217773,-0.04936441034078598,0.1859091967344284,0.15261216461658478,-0.07512551546096802,0.21442750096321106,0.055736977607011795,-0.09350717812776566,0.09699728339910507,0.4795621931552887,-0.0297092255204916,0.11112388223409653,0.29330700635910034,-0.06150294467806816,0.14034439623355865,0.17679929733276367,-0.08409792184829712,0.17784355580806732,0.07894034683704376,-0.09836684912443161,0.03911209478974342,0.5292873978614807,-0.04087464138865471,0.038590092211961746,0.3830159902572632,-0.07314504683017731,0.06093388795852661,0.2876281142234802,-0.08934877812862396,0.09592743217945099,0.20320869982242584,-0.09863350540399551
A,-0.11416337639093399,0.5640439391136169,5.440973609438515e-07,0.021134857088327408,0.6039488911628723,-0.027117401361465454,0.1607639640569687,0.6000977158546448,-0.06510400027036667,0.2616630792617798,0.6329933404922485,-0.10925949364900589,0.3436495065689087,0.6623656153678894,-0.15742312371730804,0.18889564275741577,0.18776072561740875,-0.0672072023153305,0.2845161259174347,0.14925236999988556,-0.13779319822788239,0.34331953525543213,0.21260245144367218,-0.19143632054328918,0.38211846351623535,0.31900152564048767,-0.22348524630069733,0.10904647409915924,0.12760145962238312,-0.09421759098768234,0.19721899926662445,0.24727888405323029,-0.17355458438396454,0.23526246845722198,0.4382954239845276,-0.2161700576543808,0.2414412945508957,0.6092742681503296,-0.2370368242263794,0.01163362804800272,0.15058553218841553,-0.1239524707198143,0.07254568487405777,0.2876640260219574,-0.2035013735294342,0.10770336538553238,0.4891580641269684,-0.22235332429409027,0.11605681478977203,0.6550848484039307,-0.22189542651176453,-0.09020295739173889,0.2232036590576172,-0.1549629420042038,-0.04720737785100937,0.3338494896888733,-0.21300151944160461,-0.015300968661904335,0.4820629358291626,-0.21717378497123718,-0.004100014455616474,0.6137604117393494,-0.2093915492296219
A,0.18494080007076263,0.636579692363739,7.02222848758538e-07,0.29815953969955444,0.6340201497077942,-0.030560890212655067,0.398922860622406,0.577325165271759,-0.042526375502347946,0.47007569670677185,0.4917745888233185,-0.05566297471523285,0.5370126366615295,0.432922899723053,-0.06888065487146378,0.4243083894252777,0.3665224015712738,-0.003293395973742008,0.5086207389831543,0.2810702621936798,-0.035428013652563095,0.5601466298103333,0.23570236563682556,-0.06410329043865204,0.6074350476264954,0.20246627926826477,-0.08312513679265976,0.3873711824417114,0.2951664924621582,-0.010839817114174366,0.47137394547462463,0.18007415533065796,-0.03700431436300278,0.5310611128807068,0.12468352913856506,-0.06162365898489952,0.5874152779579163,0.08618922531604767,-0.07857789844274521,0.33378365635871887,0.2541449964046478,-0.02608385868370533,0.39935222268104553,0.12741036713123322,-0.055756110697984695,0.45376646518707275,0.0700351744890213,-0.07601899653673172,0.5103819370269775,0.03585034981369972,-0.08894339948892593,0.2642801105976105,0.23622700572013855,-0.04502710700035095,0.29062485694885254,0.11518151313066483,-0.07262606918811798,0.31926408410072327,0.054548684507608414,-0.08389255404472351,0.354275107383728,0.011192739009857178,-0.09011898934841156
A,0.2615068852901459,0.5316923260688782,5.375625846681942e-07,0.347427636384964,0.5615071058273315,-0.026703638955950737,0.4273078143596649,0.5191160440444946,-0.03314647078514099,0.4865289032459259,0.4512164294719696,-0.03943478688597679,0.5376144051551819,0.40420767664909363,-0.0454956479370594,0.44982701539993286,0.36638855934143066,-0.002270930679515004,0.5153073072433472,0.30830317735671997,-0.024689072743058205,0.5582026243209839,0.2713710069656372,-0.04551932215690613,0.5969383716583252,0.23595641553401947,-0.06044811010360718,0.4249570071697235,0.30253371596336365,-0.005087277386337519,0.49046891927719116,0.23340333998203278,-0.024756180122494698,0.5369646549224854,0.19577831029891968,-0.04308411106467247,0.5804774761199951,0.16217397153377533,-0.056143179535865784,0.38850221037864685,0.2584732174873352,-0.014227345585823059,0.4448156952857971,0.1774713099002838,-0.03627422824501991,0.4890371263027191,0.13565833866596222,-0.05034510791301727,0.5321768522262573,0.1052694022655487,-0.05911539867520332,0.33986541628837585,0.22699016332626343,-0.02678275853395462,0.3759821951389313,0.14062806963920593,-0.04755749925971031,0.4091491997241974,0.09425000846385956,-0.05706891417503357,0.4457991123199463,0.05854633450508118,-0.06275124102830887
A,0.25882089138031006,0.5468959808349609,1.6088657162072195e-07,0.32776227593421936,0.5463690757751465,-0.017835889011621475,0.39110565185546875,0.490528404712677,-0.031088147312402725,0.43628963828086853,0.43261468410491943,-0.04770674929022789,0.47524890303611755,0.3841947615146637,-0.0634874552488327,0.4056624472141266,0.33412328362464905,-0.021842675283551216,0.45943185687065125,0.25281044840812683,-0.0519450344145298,0.4947572648525238,0.18972262740135193,-0.06910248845815659,0.5240024924278259,0.1358959674835205,-0.07920549064874649,0.3743462860584259,0.28919363021850586,-0.02982761338353157,0.4334026277065277,0.3563450574874878,-0.08008936047554016,0.4279993176460266,0.45550602674484253,-0.09001688659191132,0.411289781332016,0.5250816345214844,-0.08410114049911499,0.3371966779232025,0.27253010869026184,-0.04040507227182388,0.3884599208831787,0.3743729889392853,-0.08777499943971634,0.35816490650177,0.4682154357433319,-0.07751213014125824,0.32846084237098694,0.520237147808075,-0.05624327063560486,0.2956964373588562,0.2725631594657898,-0.05332430452108383,0.3420851230621338,0.35464033484458923,-0.08312796801328659,0.3290894031524658,0.42990610003471375,-0.07420702278614044,0.30901193618774414,0.4700426459312439,-0.05757300928235054
A,0.2693329155445099,0.6083692908287048,2.675382972938678e-07,0.341497004032135,0.6054719090461731,-0.018919402733445168,0.4056825637817383,0.5553367137908936,-0.029493551701307297,0.4476166069507599,0.48813751339912415,-0.04453366994857788,0.4827674627304077,0.4248449504375458,-0.05954025313258171,0.40731093287467957,0.4032677412033081,-0.00769693311303854,0.4629385471343994,0.32864734530448914,-0.037228383123874664,0.5011031031608582,0.28379547595977783,-0.054681453853845596,0.5351866483688354,0.2471211552619934,-0.06346121430397034,0.37718451023101807,0.3697035014629364,-0.015028294175863266,0.43907538056373596,0.36777228116989136,-0.06634068489074707,0.4330694377422333,0.45819196105003357,-0.08132389932870865,0.41595256328582764,0.5357037782669067,-0.0766187384724617,0.3412707448005676,0.34398946166038513,-0.026403822004795074,0.3974752128124237,0.37933793663978577,-0.08116795867681503,0.3775888979434967,0.48625123500823975,-0.07943054288625717,0.3521479368209839,0.5639377236366272,-0.05959140509366989,0.29781055450439453,0.32663843035697937,-0.03900451958179474,0.3539654314517975,0.34589114785194397,-0.07555769383907318,0.3534812927246094,0.4307338297367096,-0.07024038583040237,0.33723536133766174,0.49871352314949036,-0.05389862880110741
A,0.28138023614883423,0.7302555441856384,4.002453977136611e-07,0.33778589963912964,0.7313125729560852,0.013390726409852505,0.366946816444397,0.6859835982322693,0.03484013304114342,0.3699880540370941,0.6248669624328613,0.048963140696287155,0.3668467402458191,0.57322758436203,0.06300320476293564,0.3350299596786499,0.5891773104667664,0.07898425310850143,0.359597772359848,0.525344967842102,0.09228648245334625,0.3861287832260132,0.49543723464012146,0.08981388062238693,0.4108103811740875,0.47462454438209534,0.08737339079380035,0.31703105568885803,0.5447980761528015,0.07267692685127258,0.35103487968444824,0.4807564914226532,0.08821354061365128,0.38219985365867615,0.45140907168388367,0.07748612016439438,0.41859909892082214,0.4335969090461731,0.06766350567340851,0.29404792189598083,0.5073754191398621,0.061705656349658966,0.33042478561401367,0.4323190152645111,0.07055264711380005,0.36547932028770447,0.4027826189994812,0.05403668433427811,0.40147262811660767,0.39006927609443665,0.040980130434036255,0.2646949291229248,0.4763681888580322,0.05064677074551582,0.29776403307914734,0.4136204123497009,0.05779455974698067,0.3316313624382019,0.3913588523864746,0.05261489748954773,0.36864185333251953,0.38526350259780884,0.047346439212560654
A,0.34691476821899414,0.8608965277671814,3.8743894492654363e-07,0.3906860947608948,0.730363667011261,0.025131145492196083,0.36958256363868713,0.6313382387161255,0.041820380836725235,0.3579406440258026,0.562222957611084,0.04617931321263313,0.35154956579208374,0.49710801243782043,0.0524924099445343,0.2628733217716217,0.5996150374412537,0.08267942816019058,0.29608044028282166,0.4849127531051636,0.085399329662323,0.3334493637084961,0.41930389404296875,0.07575221359729767,0.3671201169490814,0.3837297558784485,0.06811070442199707,0.24788226187229156,0.5943225622177124,0.0620310939848423,0.2792455554008484,0.44602060317993164,0.06289149075746536,0.32279253005981445,0.3815160393714905,0.052755292505025864,0.3636035919189453,0.3420058488845825,0.04714120924472809,0.25041458010673523,0.5842590928077698,0.03709084168076515,0.2780216634273529,0.42309942841529846,0.036496564745903015,0.3233994245529175,0.3566015660762787,0.03144416958093643,0.36428895592689514,0.32422909140586853,0.02951820194721222,0.2720821499824524,0.568231463432312,0.011441231705248356,0.291751891374588,0.43143293261528015,0.01461893878877163,0.3239496350288391,0.3712684214115143,0.01756829023361206,0.3559383153915405,0.3352780342102051,0.01999487355351448
A,0.2815777659416199,0.8626689910888672,6.124652145444998e-07,0.25655078887939453,0.7426722645759583,0.02461833506822586,0.23285119235515594,0.6180310249328613,0.015845028683543205,0.23854243755340576,0.5048607587814331,-0.0006322976551018655,0.264309823513031,0.4257192015647888,-0.017938867211341858,0.18601709604263306,0.5580294728279114,-0.02429547719657421,0.22642701864242554,0.3604413866996765,-0.0513591505587101,0.2755521535873413,0.2759665846824646,-0.06313850730657578,0.3152197003364563,0.2341625988483429,-0.06798554211854935,0.20296388864517212,0.5730364918708801,-0.05321269482374191,0.23010718822479248,0.327844500541687,-0.08012667298316956,0.2866044342517853,0.24285897612571716,-0.08216378092765808,0.3286539614200592,0.2068934440612793,-0.07882862538099289,0.239438995718956,0.5936423540115356,-0.07929405570030212,0.2647601366043091,0.35766473412513733,-0.09945064783096313,0.314310222864151,0.2664647400379181,-0.0916484147310257,0.3473603427410126,0.22012293338775635,-0.08270606398582458,0.29436376690864563,0.6170427799224854,-0.10323400795459747,0.31876710057258606,0.426060289144516,-0.11206838488578796,0.34311339259147644,0.33490604162216187,-0.10271643847227097,0.3591763377189636,0.27131617069244385,-0.09380747377872467
A,0.22966359555721283,0.825772762298584,3.7728366919509426e-07,0.19548507034778595,0.6817529201507568,0.021390695124864578,0.19711671769618988,0.5390125513076782,0.012095335870981216,0.2337576001882553,0.429566353559494,3.260829544160515e-05,0.2764953374862671,0.3603021204471588,-0.012188178487122059,0.19407306611537933,0.49060046672821045,-0.05466575175523758,0.2544488310813904,0.28226059675216675,-0.0758720114827156,0.29872196912765503,0.20259040594100952,-0.07644516974687576,0.33226725459098816,0.16199924051761627,-0.07167588919401169,0.23649850487709045,0.5359566807746887,-0.07282676547765732,0.317646861076355,0.3108270764350891,-0.09311021864414215,0.3402770757675171,0.30685487389564514,-0.07745969295501709,0.3431301414966583,0.3314691483974457,-0.061639878898859024,0.2861546277999878,0.5816894769668579,-0.08427219837903976,0.36301571130752563,0.3819144666194916,-0.09069137275218964,0.3603034019470215,0.4014557898044586,-0.05941055342555046,0.3428420126438141,0.43939200043678284,-0.03541787341237068,0.33240535855293274,0.6309423446655273,-0.0934697613120079,0.385924756526947,0.4651026427745819,-0.08109395205974579,0.3754659593105316,0.4713316857814789,-0.04852493107318878,0.3572453558444977,0.5021539926528931,-0.023951081559062004
A,0.2623378336429596,0.871404230594635,-2.6349109560896977e-08,0.3024807870388031,0.6907616853713989,0.012701633386313915,0.2923779785633087,0.5615447163581848,0.006028457079082727,0.28608372807502747,0.4632245898246765,-0.011116406880319118,0.29366743564605713,0.379364937543869,-0.02635859325528145,0.18833306431770325,0.49330589175224304,0.008810645900666714,0.24039562046527863,0.3461413085460663,-0.02954849787056446,0.29667869210243225,0.3176884651184082,-0.05372633412480354,0.34033679962158203,0.3411906957626343,-0.06287001073360443,0.1780574470758438,0.5130751729011536,-0.012859668582677841,0.29656702280044556,0.40502986311912537,-0.05505984276533127,0.34115150570869446,0.5000220537185669,-0.061001189053058624,0.34755605459213257,0.5936831831932068,-0.05430131405591965,0.18853671848773956,0.5443432331085205,-0.03743882104754448,0.3127641975879669,0.46533069014549255,-0.07258172333240509,0.3416196405887604,0.567218542098999,-0.06029483303427696,0.34139901399612427,0.6517261266708374,-0.04117409884929657,0.21169061958789825,0.5821054577827454,-0.06256048381328583,0.3117220103740692,0.5191897749900818,-0.07731091231107712,0.3357585668563843,0.5862734317779541,-0.0632016509771347,0.33617138862609863,0.6450592279434204,-0.04629681259393692
A,0.24290859699249268,0.764783501625061,3.2578466147015206e-08,0.31319570541381836,0.6530473232269287,0.01669447310268879,0.32173046469688416,0.5293487310409546,0.023262182250618935,0.3227275311946869,0.42377427220344543,0.014899775385856628,0.31906163692474365,0.33712735772132874,0.00844032596796751,0.2550807595252991,0.4316294193267822,0.057275764644145966,0.26487061381340027,0.30015048384666443,0.024733489379286766,0.3196341395378113,0.3171830475330353,-0.0018905655015259981,0.35399129986763,0.3788110017776489,-0.011704826727509499,0.23372630774974823,0.42297136783599854,0.032341185957193375,0.26657551527023315,0.2846430540084839,-0.009650484658777714,0.32377466559410095,0.3594173789024353,-0.03368396684527397,0.34445223212242126,0.4594939351081848,-0.03634469956159592,0.2019682228565216,0.4199509620666504,0.0013288644840940833,0.25797921419143677,0.2971773147583008,-0.04775364696979523,0.3084908723831177,0.4068495035171509,-0.056871406733989716,0.3161248564720154,0.5218578577041626,-0.04503147304058075,0.15937189757823944,0.43209517002105713,-0.02833685651421547,0.2285362184047699,0.34557220339775085,-0.06294117867946625,0.2779732644557953,0.41129931807518005,-0.06225907430052757,0.2935248613357544,0.4997442960739136,-0.04976603761315346
A,0.21300122141838074,0.8048344254493713,3.3297388313258125e-07,0.30292680859565735,0.746235191822052,-0.006881022825837135,0.3536592721939087,0.6207467913627625,-0.00018066345364786685,0.3813246786594391,0.5073575377464294,0.0022325075697153807,0.41264545917510986,0.44071999192237854,0.005351994186639786,0.31137168407440186,0.4154681861400604,0.04094618558883667,0.34051886200904846,0.3082334101200104,0.04427377134561539,0.3585240840911865,0.24242982268333435,0.039956774562597275,0.3671441674232483,0.19366611540317535,0.03598407283425331,0.2597103416919708,0.3766607940196991,0.0334630124270916,0.2745901048183441,0.2306656688451767,0.04128223657608032,0.2835328280925751,0.15423795580863953,0.039496783167123795,0.28755494952201843,0.08994761854410172,0.03822954371571541,0.20868098735809326,0.3698563873767853,0.019787132740020752,0.21232518553733826,0.22123251855373383,0.01716761663556099,0.22274984419345856,0.13534660637378693,0.009168475866317749,0.2305801659822464,0.06845930963754654,0.003858407260850072,0.15165597200393677,0.39151814579963684,0.0039495136588811874,0.11986178904771805,0.2636835277080536,-0.0052803936414420605,0.10169467329978943,0.17301549017429352,-0.010510983876883984,0.08700501173734665,0.09353798627853394,-0.0129073616117239
A,0.2276381403207779,0.8456099033355713,4.194594964701537e-07,0.29554465413093567,0.7823148965835571,-0.01949259825050831,0.3364267647266388,0.6362572312355042,-0.023907724767923355,0.3451913297176361,0.5135737657546997,-0.030564047396183014,0.3305542767047882,0.42112407088279724,-0.03662128746509552,0.28032127022743225,0.5154726505279541,0.0007952548912726343,0.3049323558807373,0.38092556595802307,-0.03367544338107109,0.34873196482658386,0.3892015814781189,-0.061290498822927475,0.37688350677490234,0.44127100706100464,-0.07394500821828842,0.2404816746711731,0.506763219833374,-0.002910064999014139,0.27222147583961487,0.35924971103668213,-0.03507860749959946,0.3244212567806244,0.3816978335380554,-0.058000314980745316,0.35526174306869507,0.43671295046806335,-0.06836479902267456,0.19184529781341553,0.5174533128738403,-0.012706090696156025,0.2335248440504074,0.3720977008342743,-0.04880022257566452,0.2919937074184418,0.40702691674232483,-0.06292935460805893,0.32594212889671326,0.4658094346523285,-0.06517475843429565,0.1354169100522995,0.5501947999000549,-0.02384566143155098,0.17777656018733978,0.4614291191101074,-0.05638914927840233,0.22922010719776154,0.48564210534095764,-0.06591340899467468,0.26434677839279175,0.5337550640106201,-0.0666874423623085
A,0.21406540274620056,0.9376717805862427,-3.2364110325033835e-07,0.28743165731430054,0.8288260698318481,-0.002930683782324195,0.3241088390350342,0.6808642148971558,-0.004623995162546635,0.33590269088745117,0.5494664907455444,-0.016073353588581085,0.33771565556526184,0.4357548952102661,-0.02522154711186886,0.26191359758377075,0.5482818484306335,0.028930289670825005,0.3064875304698944,0.4573290944099426,-0.013210694305598736,0.33841127157211304,0.5364977121353149,-0.04130013287067413,0.35219594836235046,0.6229508519172668,-0.049736037850379944,0.22107626497745514,0.5461679697036743,0.015083219856023788,0.28739625215530396,0.4833420515060425,-0.03185194358229637,0.30095329880714417,0.6233403086662292,-0.04774389788508415,0.296134889125824,0.7388944029808044,-0.04387005418539047,0.17521464824676514,0.5554248094558716,-0.006346589419990778,0.24989745020866394,0.5089941620826721,-0.05883438140153885,0.2663939595222473,0.6546078324317932,-0.059121519327163696,0.2649931311607361,0.7729027271270752,-0.04037148877978325,0.12128115445375443,0.5824095010757446,-0.02816125378012657,0.1961316615343094,0.5295093655586243,-0.06361264735460281,0.2349017858505249,0.6163529753684998,-0.059593625366687775,0.25275447964668274,0.7014071345329285,-0.043431252241134644
A,0.2188614457845688,0.9909212589263916,-3.3911467767211434e-07,0.2879106402397156,0.8890689611434937,-0.007694970350712538,0.325879842042923,0.7572299838066101,-0.011292104609310627,0.3401152491569519,0.6388765573501587,-0.02263805828988552,0.33882343769073486,0.5342481136322021,-0.03039306029677391,0.27768462896347046,0.6208212375640869,0.024656346067786217,0.31579703092575073,0.5456698536872864,-0.012498509138822556,0.3360762298107147,0.6399288773536682,-0.03691011667251587,0.33839139342308044,0.7307021617889404,-0.043531548231840134,0.24092063307762146,0.6187220215797424,0.01511571928858757,0.29142627120018005,0.5598961710929871,-0.023653198033571243,0.3092362880706787,0.6792298555374146,-0.03840123489499092,0.30868369340896606,0.7835465669631958,-0.036149583756923676,0.1969129890203476,0.6235427260398865,-0.0016208901070058346,0.25640013813972473,0.5779274702072144,-0.044013287872076035,0.2758908271789551,0.7011761665344238,-0.04492823779582977,0.27426788210868835,0.8088191747665405,-0.030148247256875038,0.14583797752857208,0.6428680419921875,-0.019313031807541847,0.2087273746728897,0.5975692272186279,-0.04788502678275108,0.23614929616451263,0.6812562346458435,-0.043454479426145554,0.24008652567863464,0.7648940682411194,-0.029057390987873077
A,0.19727195799350739,0.8525598645210266,-2.4939888021435763e-07,0.2727818489074707,0.7300967574119568,-0.01068229228258133,0.3135906159877777,0.586523711681366,-0.02186746336519718,0.3289816379547119,0.46566495299339294,-0.04016076773405075,0.3323325216770172,0.35957759618759155,-0.05461716279387474,0.26053163409233093,0.43810123205184937,-0.00046573393046855927,0.29413509368896484,0.33302366733551025,-0.05208379775285721,0.3333865702152252,0.4577047824859619,-0.08693056553602219,0.34378567337989807,0.5631102323532104,-0.09972554445266724,0.21496248245239258,0.4432642459869385,-0.013227639719843864,0.2640976011753082,0.33890265226364136,-0.06460828334093094,0.3115743398666382,0.4616609811782837,-0.0875823125243187,0.3268100619316101,0.5724146962165833,-0.09151678532361984,0.16678760945796967,0.46417102217674255,-0.032559700310230255,0.2154567688703537,0.3705555200576782,-0.0744943842291832,0.2689569890499115,0.457620769739151,-0.08133170008659363,0.29389169812202454,0.5501660704612732,-0.07386841624975204,0.11695358902215958,0.5066450834274292,-0.05342203378677368,0.16207323968410492,0.4239382743835449,-0.0785117819905281,0.21464301645755768,0.44937002658843994,-0.08002668619155884,0.2506638765335083,0.49577468633651733,-0.07320183515548706
A,0.11991094797849655,0.9247517585754395,6.292840453170356e-07,0.22633005678653717,0.9075586795806885,-0.0383969247341156,0.33096566796302795,0.8119823932647705,-0.05133386701345444,0.3865938186645508,0.6864011883735657,-0.06362432986497879,0.43319171667099,0.5966281890869141,-0.07470729947090149,0.32757261395454407,0.506231427192688,-0.01410688180476427,0.40305614471435547,0.3742898404598236,-0.03870164975523949,0.45012301206588745,0.287701815366745,-0.06191587820649147,0.4868827164173126,0.21264487504959106,-0.0792425274848938,0.26818832755088806,0.4366011917591095,-0.01967315375804901,0.32517293095588684,0.2574690878391266,-0.03805354982614517,0.35769692063331604,0.1479228287935257,-0.058850135654211044,0.38353994488716125,0.054593224078416824,-0.07457967847585678,0.20126862823963165,0.41799286007881165,-0.03221767395734787,0.2406272441148758,0.2394135743379593,-0.05747109651565552,0.26924410462379456,0.1275884062051773,-0.08005042374134064,0.29594820737838745,0.03548803925514221,-0.09602217376232147,0.1220492422580719,0.44560950994491577,-0.04894993454217911,0.10266683995723724,0.29212579131126404,-0.08024954050779343,0.09202330559492111,0.1888606697320938,-0.09676934778690338,0.08697040379047394,0.09515462070703506,-0.10595715045928955
A,0.14577624201774597,0.9804903268814087,2.2465349047706695e-07,0.23111794888973236,0.8667830228805542,0.00047302505117841065,0.27227258682250977,0.698163628578186,-0.005063408054411411,0.30171671509742737,0.5807816982269287,-0.017404092475771904,0.34003645181655884,0.5114264488220215,-0.030313881114125252,0.22812746465206146,0.5108436346054077,-0.011482706293463707,0.24078167974948883,0.3362500071525574,-0.04795859754085541,0.2848917543888092,0.2768396735191345,-0.07309439033269882,0.3295341432094574,0.24806949496269226,-0.0887468159198761,0.19425173103809357,0.5131903886795044,-0.03836356848478317,0.19898220896720886,0.30942901968955994,-0.07970011979341507,0.2587945759296417,0.24723342061042786,-0.10888053476810455,0.31132689118385315,0.22079965472221375,-0.12655676901340485,0.15279392898082733,0.5508025288581848,-0.06795502454042435,0.1594746857881546,0.3800991177558899,-0.11617369949817657,0.2195921540260315,0.37683504819869995,-0.14060871303081512,0.2670031487941742,0.38437288999557495,-0.1522446721792221,0.11172201484441757,0.6154688596725464,-0.09678786247968674,0.07626121491193771,0.47619572281837463,-0.13738246262073517,0.06574740260839462,0.37248924374580383,-0.15778681635856628,0.05674634501338005,0.27541688084602356,-0.17142942547798157
A,0.13044263422489166,0.9572228193283081,8.167561418304103e-07,0.22141416370868683,0.9389389157295227,-0.045171983540058136,0.316182941198349,0.8714539408683777,-0.07462822645902634,0.34025609493255615,0.7592167258262634,-0.10201049596071243,0.31951531767845154,0.6485291719436646,-0.12957535684108734,0.33745551109313965,0.5682383179664612,-0.04823240637779236,0.41694167256355286,0.4430484175682068,-0.09684552997350693,0.4781055450439453,0.3865381181240082,-0.13725894689559937,0.5329229831695557,0.3497047424316406,-0.1631733477115631,0.2785365879535675,0.49121779203414917,-0.058267347514629364,0.33447667956352234,0.2885201573371887,-0.0940418690443039,0.37930452823638916,0.17621825635433197,-0.126926451921463,0.4193823039531708,0.08734142035245895,-0.15138405561447144,0.2083241492509842,0.47649475932121277,-0.07474730908870697,0.24853616952896118,0.28540828824043274,-0.11183807253837585,0.2861507833003998,0.16836579144001007,-0.1396409422159195,0.32469016313552856,0.07056014984846115,-0.15890754759311676,0.12657199800014496,0.5089450478553772,-0.09536623954772949,0.12039805203676224,0.3284967541694641,-0.12971052527427673,0.12080812454223633,0.20276804268360138,-0.14466607570648193,0.12865042686462402,0.08607877045869827,-0.15423090755939484
A,0.05039459094405174,1.0284092426300049,7.51304582990997e-07,0.17093433439731598,1.0527448654174805,-0.02773907780647278,0.2918015122413635,1.0119524002075195,-0.05137202888727188,0.3798654079437256,0.971439778804779,-0.07593706250190735,0.4527319371700287,0.9498428702354431,-0.10427921265363693,0.30851584672927856,0.8432867527008057,-0.07079686224460602,0.4137679636478424,0.7795689105987549,-0.12718062102794647,0.45034563541412354,0.7898514866828918,-0.16476471722126007,0.47034919261932373,0.8105329871177673,-0.18683120608329773,0.2626989185810089,0.7581517696380615,-0.09347537904977798,0.3761875331401825,0.5883739590644836,-0.13802984356880188,0.4504687190055847,0.47493308782577515,-0.1741328239440918,0.5061122179031372,0.3865692913532257,-0.20109865069389343,0.18783879280090332,0.7155532240867615,-0.11954048275947571,0.2728596329689026,0.5245716571807861,-0.17057853937149048,0.3358231484889984,0.39603033661842346,-0.21107298135757446,0.3892301023006439,0.297105073928833,-0.23869584500789642,0.09715169668197632,0.7085453271865845,-0.1451529860496521,0.11068183928728104,0.5196028351783752,-0.19917336106300354,0.12220209836959839,0.38580456376075745,-0.22653135657310486,0.13862326741218567,0.26971614360809326,-0.24358102679252625
A,0.024746662005782127,0.9262824058532715,8.939601343627146e-07,0.04856344684958458,0.7366119623184204,0.019686952233314514,0.11303001642227173,0.5803391933441162,0.008738740347325802,0.19019632041454315,0.49372395873069763,-0.006726373918354511,0.25644439458847046,0.4532777667045593,-0.021568164229393005,0.10706856846809387,0.47537288069725037,-0.052889466285705566,0.17011502385139465,0.29811784625053406,-0.09536750614643097,0.21388275921344757,0.18366973102092743,-0.12213495373725891,0.24992644786834717,0.08954460173845291,-0.13855718076229095,0.12005230784416199,0.5431098341941833,-0.08152933418750763,0.27831169962882996,0.4082418382167816,-0.1187664195895195,0.3669533133506775,0.3615835905075073,-0.13452091813087463,0.43026110529899597,0.32834872603416443,-0.14433477818965912,0.14715421199798584,0.6388494372367859,-0.10589934140443802,0.3174385726451874,0.5603085160255432,-0.136352077126503,0.3866714537143707,0.5913777351379395,-0.1340564340353012,0.4219980537891388,0.6222051382064819,-0.1276261955499649,0.18302714824676514,0.743008553981781,-0.128233402967453,0.31134939193725586,0.6618607640266418,-0.14153651893138885,0.3753831088542938,0.6391878128051758,-0.132332444190979,0.4237918555736542,0.6192885637283325,-0.12286990135908127
A,0.05214906111359596,0.8424393534660339,5.410562948782172e-07,0.05340132862329483,0.6602759957313538,0.026120932772755623,0.07756263017654419,0.4813166558742523,0.022635694593191147,0.10167618840932846,0.3455692529678345,0.012435868382453918,0.1198139488697052,0.23955635726451874,0.002247982658445835,0.10417810082435608,0.3750760555267334,-0.018340056762099266,0.19767336547374725,0.20964749157428741,-0.03481636941432953,0.24454939365386963,0.11674775928258896,-0.0391281433403492,0.2799493372440338,0.0432036854326725,-0.041341863572597504,0.12982144951820374,0.42189571261405945,-0.04529998078942299,0.2757170498371124,0.34298133850097656,-0.056892599910497665,0.3397628664970398,0.3332235813140869,-0.05565863102674484,0.38575616478919983,0.3101978600025177,-0.05744874104857445,0.16248805820941925,0.4954938590526581,-0.06895291060209274,0.2952955663204193,0.4185637831687927,-0.08054505288600922,0.3460884094238281,0.4401245415210724,-0.0709061399102211,0.37950989603996277,0.4538453221321106,-0.06583020836114883,0.19775216281414032,0.5858150720596313,-0.09054309129714966,0.2967354655265808,0.4866880774497986,-0.09727304428815842,0.35850217938423157,0.45147401094436646,-0.08812323957681656,0.4141325354576111,0.4243725538253784,-0.08145816624164581
A,0.07631498575210571,0.9330171346664429,6.543856443386176e-07,0.18284572660923004,0.8781139850616455,-0.025373205542564392,0.265452116727829,0.7452132701873779,-0.01812116429209709,0.30796363949775696,0.6042116284370422,-0.011472979560494423,0.32999545335769653,0.4935365915298462,-0.004146995022892952,0.21306388080120087,0.590312659740448,0.048060961067676544,0.23995035886764526,0.4758397340774536,0.04627680778503418,0.2518778145313263,0.40795624256134033,0.032496534287929535,0.25910064578056335,0.34806638956069946,0.021396763622760773,0.16157762706279755,0.5524675250053406,0.04834296181797981,0.19729849696159363,0.4031871259212494,0.04852993041276932,0.2238568663597107,0.2995987832546234,0.02964593656361103,0.24872741103172302,0.20617613196372986,0.014298971742391586,0.10496485978364944,0.5417765974998474,0.03905664384365082,0.1359315812587738,0.39274269342422485,0.026082810014486313,0.16639500856399536,0.2955354154109955,0.002907730173319578,0.19685228168964386,0.21518300473690033,-0.012566657736897469,0.03912133723497391,0.5508258938789368,0.026654917746782303,0.041354283690452576,0.4220828413963318,0.010309477336704731,0.04878106340765953,0.3350434899330139,-0.0023835781030356884,0.06315789371728897,0.2548031210899353,-0.011368006467819214
A,0.07782700657844543,0.9142022728919983,7.311934950848809e-07,0.18464015424251556,0.8782947659492493,-0.03617125004529953,0.2683926820755005,0.721505880355835,-0.03829841688275337,0.22207389771938324,0.5602410435676575,-0.03671278432011604,0.14543867111206055,0.5271518230438232,-0.03463873639702797,0.26588642597198486,0.5465739369392395,-0.004527478013187647,0.3099551200866699,0.3939409554004669,-0.013792835175991058,0.3326399624347687,0.29311516880989075,-0.025248108431696892,0.34787222743034363,0.2074040025472641,-0.035144828259944916,0.20671559870243073,0.481904000043869,-0.0040830159559845924,0.25493714213371277,0.30459949374198914,-0.006102869287133217,0.2818836271762848,0.18470139801502228,-0.016714027151465416,0.30025535821914673,0.08664003759622574,-0.02482007071375847,0.1431421935558319,0.46410077810287476,-0.00993943028151989,0.1747293621301651,0.2903269827365875,-0.020188990980386734,0.19769644737243652,0.18054169416427612,-0.04042007774114609,0.2142849862575531,0.08956127613782883,-0.054594963788986206,0.07034207880496979,0.4818078577518463,-0.01958560012280941,0.05619964003562927,0.35519230365753174,-0.03367622569203377,0.0469990111887455,0.27910271286964417,-0.04249174892902374,0.0370892696082592,0.2083086371421814,-0.04847714304924011
A,0.10958096385002136,0.9015964269638062,4.615472448676883e-07,0.19577257335186005,0.817543089389801,-0.037297215312719345,0.26631516218185425,0.666372537612915,-0.05905124545097351,0.2793509364128113,0.5538733601570129,-0.08146604895591736,0.25183621048927307,0.4912443161010742,-0.09975108504295349,0.20363987982273102,0.46728983521461487,-0.025024419650435448,0.27474772930145264,0.3891417682170868,-0.08809910714626312,0.3150802254676819,0.4678424000740051,-0.13679665327072144,0.33425334095954895,0.5735026001930237,-0.1560620665550232,0.15454280376434326,0.43200424313545227,-0.03285398706793785,0.1852370649576187,0.2688104212284088,-0.07402195036411285,0.23443156480789185,0.2051755040884018,-0.10465141385793686,0.2812458276748657,0.1920311152935028,-0.11991052329540253,0.09392458200454712,0.4502870738506317,-0.05058282986283302,0.09458222985267639,0.29075080156326294,-0.09152486175298691,0.13492067158222198,0.25706037878990173,-0.11561121791601181,0.1793345808982849,0.26260173320770264,-0.12403058260679245,0.032332129776477814,0.5108016133308411,-0.07208716124296188,-0.005568530410528183,0.3932894766330719,-0.09703897684812546,-0.02177135832607746,0.31685349345207214,-0.10500222444534302,-0.029582586139440536,0.2698960602283478,-0.10696273297071457
A,0.14251218736171722,0.5772792100906372,-5.038518224864674e-07,0.17234687507152557,0.4908967614173889,-0.024922659620642662,0.19458498060703278,0.3641468286514282,-0.07098735123872757,0.23992283642292023,0.29576143622398376,-0.11018038541078568,0.2840169072151184,0.25695550441741943,-0.14585329592227936,0.05417782440781593,0.3060908019542694,-0.13374096155166626,0.10808061063289642,0.18437980115413666,-0.19865022599697113,0.1474955528974533,0.11235936731100082,-0.23459194600582123,0.18283963203430176,0.07228365540504456,-0.25261515378952026,0.020595217123627663,0.4097192585468292,-0.14608056843280792,0.1770728975534439,0.339069664478302,-0.2057981789112091,0.2754661440849304,0.33815842866897583,-0.22665812075138092,0.3531743586063385,0.3553076684474945,-0.24079956114292145,0.03707418218255043,0.545042872428894,-0.1533467024564743,0.20310086011886597,0.5117678046226501,-0.21089504659175873,0.28817227482795715,0.5249801278114319,-0.20932568609714508,0.35557791590690613,0.5421289801597595,-0.19994905591011047,0.08081921190023422,0.6949226260185242,-0.1584859937429428,0.21522340178489685,0.62900310754776,-0.1812790036201477,0.28681114315986633,0.6003469228744507,-0.15827737748622894,0.35061198472976685,0.5834745764732361,-0.1399158239364624
A,0.0022712533827871084,0.8356875777244568,6.767043601030309e-07,-0.014287156984210014,0.6291037797927856,0.026148274540901184,0.013177777640521526,0.4521373212337494,0.018297838047146797,0.06324373185634613,0.34065407514572144,0.010354935191571712,0.11860442161560059,0.296354204416275,0.002482606563717127,0.07546869665384293,0.4006443917751312,-0.06366890668869019,0.18811841309070587,0.21892553567886353,-0.09818053245544434,0.2584015429019928,0.12123645097017288,-0.11996585130691528,0.3114699721336365,0.05672411993145943,-0.13235042989253998,0.12490613758563995,0.49404215812683105,-0.07714041322469711,0.26737022399902344,0.3406223654747009,-0.09280496835708618,0.3219689130783081,0.3223923444747925,-0.08706724643707275,0.3471904397010803,0.3192598521709442,-0.08374907076358795,0.16850021481513977,0.598334550857544,-0.08143603801727295,0.28183674812316895,0.46859174966812134,-0.07677245885133743,0.2625158131122589,0.48743799328804016,-0.0367075614631176,0.22305943071842194,0.5241658091545105,-0.009819145314395428,0.19939151406288147,0.6992692351341248,-0.08415369689464569,0.29990386962890625,0.5771911144256592,-0.08495117723941803,0.34281808137893677,0.5150977373123169,-0.06188330054283142,0.3718039393424988,0.4608970582485199,-0.040376968681812286
A,0.09016992151737213,0.9151284694671631,5.454397182802495e-07,0.1951383501291275,0.8723140358924866,-0.030972225591540337,0.2915584444999695,0.753555953502655,-0.03645744174718857,0.3363955020904541,0.6116763949394226,-0.042240507900714874,0.35047557950019836,0.49012330174446106,-0.0472966693341732,0.27121010422706604,0.5207886099815369,0.008675039745867252,0.3221105933189392,0.3938866853713989,-0.01024786476045847,0.3576568067073822,0.32472139596939087,-0.03252996504306793,0.3894256353378296,0.2695937156677246,-0.04884137958288193,0.21080619096755981,0.4659236669540405,0.004601594991981983,0.2466667890548706,0.2977176010608673,-0.008157853037118912,0.2742237448692322,0.20166805386543274,-0.029558692127466202,0.29947230219841003,0.12053076922893524,-0.046361733227968216,0.14715439081192017,0.45206186175346375,-0.006937744561582804,0.1712312251329422,0.2808515727519989,-0.026072584092617035,0.194002166390419,0.1717168688774109,-0.04659927263855934,0.217996284365654,0.08158454298973083,-0.06156621500849724,0.07668419927358627,0.4754234552383423,-0.02235204167664051,0.06915541738271713,0.3320428431034088,-0.04556255042552948,0.06694917380809784,0.23290738463401794,-0.058352064341306686,0.06911562383174896,0.1425919532775879,-0.06619477272033691
A,0.08024447411298752,0.8422801494598389,1.1018813665941707e-06,0.16271556913852692,0.7154303193092346,-0.005787180736660957,0.194293811917305,0.5364480018615723,-0.014691459015011787,0.221291184425354,0.42141592502593994,-0.02915119379758835,0.24684031307697296,0.3352665901184082,-0.04499635845422745,0.11254086345434189,0.3414183557033539,-0.022400787100195885,0.1487046778202057,0.1630442887544632,-0.06256416440010071,0.18789242208003998,0.037906304001808167,-0.09212251007556915,0.2241576910018921,-0.05338579788804054,-0.1118324026465416,0.068251833319664,0.3708147704601288,-0.0492546372115612,0.09600163251161575,0.15793973207473755,-0.08985703438520432,0.14400795102119446,0.03339061141014099,-0.1205364316701889,0.1898166686296463,-0.05209221690893173,-0.14001920819282532,0.04006601497530937,0.4444994032382965,-0.0785147026181221,0.0819222629070282,0.27459609508514404,-0.13589510321617126,0.15133348107337952,0.20067010819911957,-0.17038525640964508,0.21093060076236725,0.15791364014148712,-0.18798553943634033,0.034927159547805786,0.5514197945594788,-0.10676645487546921,0.12980499863624573,0.46971213817596436,-0.16189000010490417,0.2111152857542038,0.447025328874588,-0.1852915734052658,0.27665865421295166,0.4422173798084259,-0.196623295545578
A,0.009908949956297874,0.8393235206604004,4.415351497755182e-07,0.1371627151966095,0.7322757840156555,0.016275448724627495,0.21187187731266022,0.5965149998664856,0.006573552265763283,0.26159369945526123,0.48983731865882874,-0.013368489220738411,0.3062528073787689,0.39018601179122925,-0.036283280700445175,0.17437487840652466,0.40966856479644775,-0.016926608979701996,0.25856542587280273,0.34227848052978516,-0.0559048168361187,0.319210022687912,0.29699328541755676,-0.08179303258657455,0.3735843300819397,0.26752445101737976,-0.09951501339673996,0.13258226215839386,0.41762450337409973,-0.05017417296767235,0.274219810962677,0.5085492134094238,-0.1019292101264,0.34201425313949585,0.6107588410377502,-0.12243036180734634,0.39089435338974,0.6898004412651062,-0.13201241195201874,0.09530038386583328,0.4792146384716034,-0.08346196264028549,0.23952004313468933,0.583197832107544,-0.13403689861297607,0.3127747178077698,0.6743335723876953,-0.13981102406978607,0.3688219487667084,0.7426773309707642,-0.1377040296792984,0.06314986199140549,0.5763822197914124,-0.1159408912062645,0.1713455617427826,0.6101621389389038,-0.1534566432237625,0.24397321045398712,0.6528496146202087,-0.1582355946302414,0.3081696331501007,0.6960225105285645,-0.15688098967075348
A,0.03933557868003845,0.9326645135879517,7.3283717938466e-07,0.1104293167591095,0.8592022061347961,-0.05854193866252899,0.14249946177005768,0.7214457988739014,-0.0833556279540062,0.1371711939573288,0.6032120585441589,-0.10250041633844376,0.15651193261146545,0.5176551938056946,-0.11997086554765701,0.10159682482481003,0.458255797624588,-0.042947083711624146,0.10231085866689682,0.26847705245018005,-0.07920701801776886,0.09372877329587936,0.1381755918264389,-0.10914238542318344,0.08535858243703842,0.03218470513820648,-0.13024212419986725,0.04403182491660118,0.4426271915435791,-0.03704032674431801,0.0385688841342926,0.23798882961273193,-0.07146145403385162,0.037953536957502365,0.1052020937204361,-0.09997919201850891,0.03855695575475693,-0.0037228274159133434,-0.11764934659004211,-0.010938926599919796,0.4666878879070282,-0.0383443646132946,-0.033398184925317764,0.2842729985713959,-0.07461094856262207,-0.04727683216333389,0.17363132536411285,-0.09708334505558014,-0.05739288032054901,0.08551642298698425,-0.10861551016569138,-0.06383075565099716,0.5269709825515747,-0.04510452598333359,-0.09903787821531296,0.3924027979373932,-0.07695993036031723,-0.11951188743114471,0.3089011311531067,-0.09050263464450836,-0.1342144012451172,0.23916472494602203,-0.09624825417995453
A,0.08033127337694168,1.0405158996582031,1.0274437727275654e-06,0.19297045469284058,1.0245784521102905,-0.034202881157398224,0.2964481711387634,0.965823769569397,-0.06739627569913864,0.373635470867157,0.9239809513092041,-0.10241936892271042,0.4427799582481384,0.8971434831619263,-0.14593331515789032,0.2919355034828186,0.8015934228897095,-0.09563696384429932,0.3801761865615845,0.6300259232521057,-0.14775192737579346,0.429884672164917,0.5295141935348511,-0.1809547245502472,0.47421225905418396,0.4475729167461395,-0.2060668170452118,0.23020948469638824,0.7433804273605347,-0.1167416200041771,0.2946105897426605,0.556809663772583,-0.16392461955547333,0.34040138125419617,0.43724727630615234,-0.20210234820842743,0.3766869902610779,0.3394785523414612,-0.23371393978595734,0.15278975665569305,0.7469409108161926,-0.13827650249004364,0.184730663895607,0.5695860385894775,-0.18780747056007385,0.2195708155632019,0.4701756536960602,-0.23023347556591034,0.25379714369773865,0.3898840844631195,-0.2650308310985565,0.0688021183013916,0.7948209047317505,-0.15997621417045593,0.046684879809617996,0.7209019064903259,-0.21256418526172638,0.04570811614394188,0.6809130311012268,-0.24373862147331238,0.04779437184333801,0.6571893095970154,-0.26783522963523865
A,0.16134442389011383,0.7876083254814148,3.2282972028951917e-07,0.2619503140449524,0.7764411568641663,0.024092046543955803,0.3653050363063812,0.7953903675079346,0.02900807559490204,0.4388505518436432,0.8220187425613403,0.026623062789440155,0.5010008811950684,0.8232515454292297,0.022699614986777306,0.398978054523468,0.6940867900848389,0.004297030624002218,0.5130704045295715,0.6504240036010742,-0.013357521034777164,0.5851394534111023,0.6198141574859619,-0.02381800301373005,0.64522784948349,0.5968456864356995,-0.03231162205338478,0.3925192654132843,0.7118154764175415,-0.026255516335368156,0.5227228999137878,0.6651431918144226,-0.04417826235294342,0.6072155833244324,0.6408876776695251,-0.060666412115097046,0.6770153045654297,0.621160089969635,-0.07307510823011398,0.37241503596305847,0.7612751722335815,-0.05532723292708397,0.5021979212760925,0.7216314077377319,-0.07647579908370972,0.5793639421463013,0.7081421613693237,-0.09655977785587311,0.6458754539489746,0.6957524418830872,-0.11255353689193726,0.3481421172618866,0.8348000049591064,-0.0818936824798584,0.42298200726509094,0.8283953666687012,-0.10810644924640656,0.4782704710960388,0.8260310292243958,-0.12574216723442078,0.5312380194664001,0.8250409960746765,-0.13880932331085205
A,0.30680614709854126,0.6877447366714478,2.1573708863797947e-07,0.3717370331287384,0.6268267631530762,0.029688173905014992,0.43867984414100647,0.6474955081939697,0.040489356964826584,0.49160274863243103,0.686851441860199,0.04325723648071289,0.5296450853347778,0.7206625938415527,0.045103974640369415,0.4826532304286957,0.6338929533958435,0.026360053569078445,0.5711397528648376,0.615829348564148,0.021867113187909126,0.6249274015426636,0.5944840908050537,0.019710080698132515,0.6690075397491455,0.5754836797714233,0.018304938450455666,0.48778077960014343,0.6653107404708862,0.002604575827717781,0.5934968590736389,0.678994357585907,-0.004236746113747358,0.6539325714111328,0.6851223111152649,-0.009925656951963902,0.6998498439788818,0.6891553401947021,-0.012651799246668816,0.4811044931411743,0.7150975465774536,-0.01996752806007862,0.5895761847496033,0.7318049669265747,-0.02973383106291294,0.6525638103485107,0.740935742855072,-0.03811178356409073,0.70140141248703,0.746502697467804,-0.04233259707689285,0.47127509117126465,0.7840481400489807,-0.03990814462304115,0.5589528679847717,0.8150251507759094,-0.04564821347594261,0.6079220175743103,0.837160587310791,-0.046536412090063095,0.648553192615509,0.85438472032547,-0.04629942402243614
A,0.3648441731929779,0.7964429259300232,3.909026418114081e-07,0.390524297952652,0.6636897325515747,0.003968541510403156,0.44539645314216614,0.5887163281440735,0.0037325010634958744,0.5106077194213867,0.5477073192596436,0.0035440060310065746,0.5566823482513428,0.5101484656333923,0.003391103819012642,0.5195812582969666,0.6329652667045593,-0.010730601847171783,0.613379180431366,0.6011632084846497,-0.021228961646556854,0.6640629172325134,0.5884936451911926,-0.025423424318432808,0.7051451206207275,0.5838225483894348,-0.02510179951786995,0.5315210223197937,0.7092005014419556,-0.011936508119106293,0.6226975917816162,0.7112172245979309,-0.007570590358227491,0.6699874997138977,0.7201017737388611,-0.0003542296472005546,0.7031035423278809,0.7287896871566772,0.004558338318020105,0.528876543045044,0.7862337231636047,-0.012477092444896698,0.5978772044181824,0.7927010655403137,-0.0043069738894701,0.631283164024353,0.8028083443641663,0.005954427178949118,0.6516106724739075,0.8094630241394043,0.01211029477417469,0.5175593495368958,0.848662793636322,-0.01320605631917715,0.5744037628173828,0.8588510155677795,-0.0056356205604970455,0.6080765128135681,0.8646597862243652,0.0035711152013391256,0.6377221345901489,0.86887526512146,0.011596274562180042
A,0.339852511882782,0.8258664011955261,3.870842704145616e-07,0.3756588399410248,0.7033589482307434,0.006690729409456253,0.43876102566719055,0.6273535490036011,0.00692705949768424,0.5018191337585449,0.5827328562736511,0.005901631433516741,0.5457808971405029,0.5451042652130127,0.005745816044509411,0.5089169144630432,0.6847389340400696,-0.007935279048979282,0.6014415621757507,0.6628375053405762,-0.017138641327619553,0.652422308921814,0.6523593664169312,-0.021803459152579308,0.6908386945724487,0.6455132365226746,-0.02270600199699402,0.5157222151756287,0.7562563419342041,-0.012147393077611923,0.6051491498947144,0.7754379510879517,-0.01060532033443451,0.6538838148117065,0.794579267501831,-0.006768372841179371,0.6857830882072449,0.8102682828903198,-0.004585610702633858,0.5093013048171997,0.8320761919021606,-0.015166516415774822,0.5744994878768921,0.8568611145019531,-0.009727532975375652,0.5919215083122253,0.8702909350395203,0.0002807648852467537,0.5941829085350037,0.8763869404792786,0.0073005883023142815,0.49555036425590515,0.9000060558319092,-0.018161693587899208,0.5582153797149658,0.9299635887145996,-0.013328233733773232,0.5947030186653137,0.9457070827484131,-0.004564549773931503,0.6230294704437256,0.9567045569419861,0.0037087053060531616
A,0.3239504396915436,0.7870214581489563,4.615746433955792e-07,0.3411977291107178,0.6644647121429443,0.013483094051480293,0.38241952657699585,0.5656667351722717,0.010878723114728928,0.4225524663925171,0.4898492991924286,0.004294274374842644,0.4419322907924652,0.42001858353614807,-0.0040716081857681274,0.4296850860118866,0.5424058437347412,-0.014028373174369335,0.521253764629364,0.4860360622406006,-0.030323391780257225,0.5753674507141113,0.4699239730834961,-0.03758268430829048,0.6153044700622559,0.46401500701904297,-0.03976000100374222,0.44590437412261963,0.592572033405304,-0.03141768276691437,0.5457229614257812,0.5404782295227051,-0.04172523319721222,0.6044991612434387,0.520404040813446,-0.044603943824768066,0.6476717591285706,0.5127014517784119,-0.04655842110514641,0.4593801200389862,0.6608326435089111,-0.04737590625882149,0.5569592714309692,0.6118744611740112,-0.054705943912267685,0.613560676574707,0.5951553583145142,-0.05544032156467438,0.6546001434326172,0.5886813998222351,-0.056218285113573074,0.46885865926742554,0.7373908162117004,-0.06225648149847984,0.5494972467422485,0.697107195854187,-0.0663805678486824,0.594535231590271,0.6852080821990967,-0.06297458708286285,0.6299470663070679,0.6796756386756897,-0.05977783724665642
A,0.27600470185279846,0.8137680292129517,3.858377226606535e-07,0.2740095853805542,0.6917962431907654,0.015228020027279854,0.29276761412620544,0.5838881731033325,0.013106889091432095,0.3186499774456024,0.50295490026474,0.007302384357899427,0.3342817425727844,0.4438858926296234,-0.0005159620195627213,0.3245020806789398,0.5445281267166138,-0.01810353249311447,0.38458409905433655,0.4302491843700409,-0.035545263439416885,0.4223248064517975,0.3735814094543457,-0.042430292814970016,0.4524807929992676,0.33629700541496277,-0.044120609760284424,0.34802302718162537,0.5787320137023926,-0.035034243017435074,0.4174274504184723,0.45465585589408875,-0.05020856112241745,0.4604664146900177,0.3875144124031067,-0.05479849502444267,0.49283188581466675,0.34534743428230286,-0.05588788539171219,0.37163063883781433,0.6304654479026794,-0.04946591332554817,0.4387630522251129,0.5114027261734009,-0.062053777277469635,0.4780951142311096,0.4472840428352356,-0.06535416096448898,0.5065478086471558,0.4027773439884186,-0.06589595973491669,0.3923967480659485,0.6971144080162048,-0.061763111501932144,0.4458082318305969,0.6027873158454895,-0.069788359105587,0.475333571434021,0.5542709231376648,-0.06788977235555649,0.49922052025794983,0.5171747803688049,-0.06443124264478683
A,0.2803426682949066,0.8200972676277161,3.863918323077087e-07,0.279776930809021,0.7058649063110352,0.010421653278172016,0.2995091378688812,0.5999427437782288,0.006806250661611557,0.32167455554008484,0.5153852105140686,-0.0001889201084850356,0.3287789821624756,0.44167283177375793,-0.00932206492871046,0.3341665267944336,0.5583387017250061,-0.018789008259773254,0.3856600821018219,0.43540284037590027,-0.03742367774248123,0.41676583886146545,0.368552029132843,-0.04643609747290611,0.4416562616825104,0.31660452485084534,-0.050441935658454895,0.35575082898139954,0.5878124833106995,-0.034588515758514404,0.42731761932373047,0.4689696431159973,-0.04883800819516182,0.4716717302799225,0.40792587399482727,-0.054239239543676376,0.5057368874549866,0.36769261956214905,-0.05694277584552765,0.3767843246459961,0.6381270289421082,-0.048921216279268265,0.44610482454299927,0.5245741009712219,-0.06031922996044159,0.4876970648765564,0.46864962577819824,-0.06367910653352737,0.5194845199584961,0.42803657054901123,-0.0653492882847786,0.39629337191581726,0.7025346755981445,-0.06206502020359039,0.4548243582248688,0.6149871349334717,-0.07021068781614304,0.48949313163757324,0.5695533752441406,-0.06962879747152328,0.5198878645896912,0.5305275917053223,-0.06799048185348511
A,0.3281673789024353,0.8040627241134644,2.0733790506710648e-07,0.37619253993034363,0.7197138667106628,0.019472872838377953,0.3829951882362366,0.6225423812866211,0.027907326817512512,0.3819323480129242,0.5616342425346375,0.02809450775384903,0.38265591859817505,0.510851263999939,0.026484208181500435,0.36807340383529663,0.5205814838409424,0.027146944776177406,0.3861939013004303,0.4042865037918091,0.016800222918391228,0.40822234749794006,0.33694732189178467,0.007314223330467939,0.4276668429374695,0.27948635816574097,0.00029812174034304917,0.3595085144042969,0.5097382664680481,0.004833259619772434,0.38129475712776184,0.3813358247280121,-0.006039811763912439,0.40739715099334717,0.3079397678375244,-0.016781868413090706,0.42977508902549744,0.24771609902381897,-0.024801017716526985,0.34384801983833313,0.510715663433075,-0.0195151399821043,0.3600791394710541,0.3786546587944031,-0.03256172686815262,0.3853040933609009,0.29742223024368286,-0.045565370470285416,0.4064912497997284,0.23123833537101746,-0.05488879978656769,0.32304516434669495,0.5210329294204712,-0.0427912212908268,0.3178710341453552,0.40372440218925476,-0.05610102042555809,0.3197491765022278,0.32446444034576416,-0.06470730900764465,0.3221993148326874,0.25283610820770264,-0.07172311842441559
A,0.32868459820747375,0.7742844223976135,3.456914328126004e-07,0.38630202412605286,0.7215534448623657,-0.016518978402018547,0.41583430767059326,0.6165114045143127,-0.019315769895911217,0.4286506772041321,0.5247794985771179,-0.023120742291212082,0.43919527530670166,0.4464837908744812,-0.026575058698654175,0.3842467665672302,0.4669121205806732,0.0067301862873137,0.40720218420028687,0.35801565647125244,-0.007211924064904451,0.42501652240753174,0.29405325651168823,-0.022040603682398796,0.43900448083877563,0.23692907392978668,-0.032444067299366,0.3540903329849243,0.4449599087238312,0.0015400561969727278,0.37056615948677063,0.3139539361000061,-0.009239968843758106,0.385549932718277,0.23626801371574402,-0.022202622145414352,0.39733585715293884,0.1695367842912674,-0.03180645778775215,0.32151514291763306,0.4476048946380615,-0.008718266151845455,0.3319500982761383,0.31539738178253174,-0.02314513735473156,0.3461071252822876,0.2341630458831787,-0.03533421829342842,0.35941848158836365,0.16643987596035004,-0.04323328286409378,0.2850591838359833,0.4719610810279846,-0.021201208233833313,0.2778649628162384,0.3599386513233185,-0.035011645406484604,0.27781426906585693,0.28283557295799255,-0.04147804155945778,0.28031498193740845,0.2131386399269104,-0.04581519588828087
A,0.3312615156173706,0.7781732082366943,3.956407681471319e-07,0.40312427282333374,0.7357907891273499,-0.01887485757470131,0.44453245401382446,0.6463131904602051,-0.018943553790450096,0.45796746015548706,0.5479915738105774,-0.01791679859161377,0.47462138533592224,0.47451335191726685,-0.01619766093790531,0.3930724561214447,0.5246776938438416,0.00912342220544815,0.4141097068786621,0.4221763014793396,0.004731887485831976,0.42540743947029114,0.358696848154068,-0.002400048775598407,0.431520938873291,0.3058723211288452,-0.008172512985765934,0.3522081971168518,0.4971909821033478,0.011390860192477703,0.36450061202049255,0.3801434338092804,0.010228021070361137,0.37175458669662476,0.3134194612503052,0.002576508093625307,0.37662607431411743,0.259427934885025,-0.004241287708282471,0.3112049102783203,0.4904596507549286,0.009172946214675903,0.31489264965057373,0.3765922486782074,0.003093705978244543,0.3216240108013153,0.30970287322998047,-0.008304142393171787,0.32733774185180664,0.26042842864990234,-0.017129026353359222,0.2696942985057831,0.5024096369743347,0.004988317843526602,0.2502914071083069,0.4179029166698456,-0.004252335987985134,0.2380756139755249,0.3626640737056732,-0.011436494067311287,0.22751766443252563,0.3158978521823883,-0.016362130641937256
A,0.2681625187397003,0.7681910395622253,5.939510856478591e-07,0.339476615190506,0.6860789060592651,0.00935184583067894,0.3667084872722626,0.5953827500343323,0.007210268173366785,0.3852752447128296,0.5300137400627136,-0.002515624975785613,0.40566936135292053,0.4777108132839203,-0.012068473733961582,0.3114677965641022,0.4614437222480774,0.007042226381599903,0.33720502257347107,0.3519878387451172,-0.00883118249475956,0.3560851514339447,0.28096580505371094,-0.0216350257396698,0.373802125453949,0.22623199224472046,-0.031424179673194885,0.2918895184993744,0.46081745624542236,-0.013710400089621544,0.3280235528945923,0.32423338294029236,-0.032930947840213776,0.3702203333377838,0.25594037771224976,-0.0460670106112957,0.4098871946334839,0.21297262609004974,-0.0540885403752327,0.284829705953598,0.4894690215587616,-0.03541109710931778,0.3584657311439514,0.3748314380645752,-0.062874935567379,0.413088858127594,0.37298545241355896,-0.07664375007152557,0.4522368311882019,0.3873661756515503,-0.08322300016880035,0.2912437915802002,0.5389341711997986,-0.056268833577632904,0.3749619722366333,0.5180487036705017,-0.0812184065580368,0.4185779094696045,0.5380104780197144,-0.09046810865402222,0.4497615396976471,0.5599615573883057,-0.09438147395849228
A,0.2455533891916275,0.7607726454734802,6.012530775478808e-07,0.2617502808570862,0.6392679214477539,0.02003464661538601,0.2904621362686157,0.5360068082809448,0.016859473660588264,0.32507750391960144,0.48041483759880066,0.006119984667748213,0.3583245575428009,0.4482884705066681,-0.004928456153720617,0.28623321652412415,0.46258434653282166,-0.005908257327973843,0.33137238025665283,0.3352646827697754,-0.02639000490307808,0.3638046383857727,0.26581084728240967,-0.03931254893541336,0.3915884792804718,0.21632254123687744,-0.046529509127140045,0.2925960421562195,0.4821552634239197,-0.02882423624396324,0.36261504888534546,0.3485562205314636,-0.0455491803586483,0.418402761220932,0.2968451678752899,-0.053044721484184265,0.4632189869880676,0.27456924319267273,-0.05728282779455185,0.308758407831192,0.5274041295051575,-0.050206661224365234,0.39374497532844543,0.41021737456321716,-0.065782830119133,0.44463661313056946,0.4072478711605072,-0.06722892820835114,0.4775446653366089,0.419890820980072,-0.06650073081254959,0.3317817151546478,0.5909638404846191,-0.07014687359333038,0.40879788994789124,0.5346739888191223,-0.07924430072307587,0.4489876329898834,0.5289371609687805,-0.0759827196598053,0.4768223464488983,0.5286862254142761,-0.07196841388940811
A,0.29582494497299194,0.738290548324585,2.7403444846640923e-07,0.35083481669425964,0.6750425100326538,-0.002304882975295186,0.37045639753341675,0.5843576788902283,0.003962307702749968,0.38061946630477905,0.5066089630126953,0.006380236707627773,0.39446404576301575,0.4498337209224701,0.008912508375942707,0.3227263391017914,0.47476574778556824,0.03446555882692337,0.33157384395599365,0.38081446290016174,0.030815985053777695,0.3405260145664215,0.3281020522117615,0.020655520260334015,0.34702834486961365,0.27834606170654297,0.012635652907192707,0.2939307987689972,0.4504462778568268,0.026934342458844185,0.302542507648468,0.33770063519477844,0.023867765441536903,0.3140941262245178,0.2711385488510132,0.013138975016772747,0.32637396454811096,0.21122324466705322,0.005314781330525875,0.26605063676834106,0.4437485635280609,0.014796853996813297,0.26993805170059204,0.33023878931999207,0.008602057583630085,0.2824282646179199,0.2612963020801544,-0.0002946326567325741,0.29785728454589844,0.2034641057252884,-0.006094183772802353,0.23630160093307495,0.45552799105644226,0.0011267293011769652,0.22943978011608124,0.36278674006462097,-0.003337966511026025,0.23020286858081818,0.3002638816833496,-0.004830808844417334,0.23690710961818695,0.2463780790567398,-0.0059558372013270855
A,0.2983148694038391,0.742572009563446,2.6844026024264167e-07,0.33915790915489197,0.6806569695472717,-0.0008338873158209026,0.3468075692653656,0.5952812433242798,0.004396706819534302,0.3515794575214386,0.5259227752685547,0.005198665428906679,0.3607184886932373,0.470676451921463,0.005933601409196854,0.3006400465965271,0.49964621663093567,0.03368629515171051,0.3010116517543793,0.4169163107872009,0.02867126651108265,0.3074447512626648,0.36465445160865784,0.018356584012508392,0.31366127729415894,0.3195062279701233,0.011012278497219086,0.2796240746974945,0.4856404662132263,0.024680498987436295,0.2795566916465759,0.3782489001750946,0.02158406563103199,0.2864769995212555,0.3091285526752472,0.012045617215335369,0.29541102051734924,0.24832339584827423,0.005267315078526735,0.25845542550086975,0.4864872097969055,0.010965975932776928,0.2561664879322052,0.37882518768310547,0.00426280265673995,0.2645898759365082,0.310066282749176,-0.004059580620378256,0.2762066125869751,0.25259068608283997,-0.008922191336750984,0.2347278892993927,0.5047154426574707,-0.00415112404152751,0.22050198912620544,0.4195009469985962,-0.009010568261146545,0.21644584834575653,0.36229804158210754,-0.010656436905264854,0.21733812987804413,0.3131054639816284,-0.011773000471293926
A,0.21337027847766876,0.7539041638374329,4.159300601713767e-07,0.18060894310474396,0.6273131966590881,-0.0006657486082985997,0.18476152420043945,0.5119852423667908,-0.0002686857187654823,0.2110304981470108,0.41734686493873596,0.0011316546006128192,0.23032881319522858,0.348006010055542,0.0034150800202041864,0.2527703046798706,0.4339100420475006,-0.0038912775926291943,0.2897554636001587,0.3017067313194275,-0.01076597347855568,0.31623125076293945,0.23160287737846375,-0.014543451368808746,0.3404567539691925,0.18050506711006165,-0.015407084487378597,0.2943388521671295,0.47441455721855164,-0.0062681944109499454,0.3461082875728607,0.3521556854248047,-0.007395428605377674,0.3793443441390991,0.28840765357017517,-0.007513475138694048,0.4068416655063629,0.24413573741912842,-0.00679223146289587,0.3214046359062195,0.5337694883346558,-0.008889981545507908,0.36963507533073425,0.43950915336608887,-0.010321042500436306,0.4006410837173462,0.3839588463306427,-0.010086016729474068,0.4246807098388672,0.3417811989784241,-0.009556704200804234,0.33522799611091614,0.6028502583503723,-0.01129162684082985,0.3711842894554138,0.5375706553459167,-0.008550685830414295,0.39154133200645447,0.49768465757369995,-0.0017120930133387446,0.40833282470703125,0.4632204473018646,0.004056349862366915
A,0.2189321219921112,0.7793177366256714,3.404209394375357e-07,0.18468385934829712,0.6528935432434082,-0.009681547060608864,0.1888437718153,0.5229742527008057,-0.018408458679914474,0.21579357981681824,0.41751828789711,-0.02447645552456379,0.23470255732536316,0.3310104310512543,-0.02928626909852028,0.257395476102829,0.46561354398727417,-0.027371721342206,0.30638769268989563,0.33194833993911743,-0.04228103160858154,0.3373909890651703,0.259928822517395,-0.049350980669260025,0.3638165593147278,0.2084931582212448,-0.05157831683754921,0.2991271913051605,0.5107390880584717,-0.02918947860598564,0.35860592126846313,0.38431060314178467,-0.035510215908288956,0.39621084928512573,0.32140135765075684,-0.03648628294467926,0.42657041549682617,0.2779679596424103,-0.036809928715229034,0.32852715253829956,0.568001925945282,-0.03101007081568241,0.3822685480117798,0.4639323055744171,-0.03618266433477402,0.41461828351020813,0.4050513207912445,-0.03630426898598671,0.4383991062641144,0.36365512013435364,-0.03627368062734604,0.34680697321891785,0.6286816596984863,-0.0331103578209877,0.3782159984111786,0.5394662022590637,-0.03482114151120186,0.3904695510864258,0.4964039921760559,-0.02894999273121357,0.3982807993888855,0.4667353928089142,-0.023367928341031075
A,0.23446199297904968,0.7868490815162659,6.733828854521562e-07,0.25482264161109924,0.6521651148796082,0.014596449211239815,0.29582852125167847,0.5517446994781494,0.007814576849341393,0.34528565406799316,0.5099914073944092,-0.004442516714334488,0.39034929871559143,0.5019923448562622,-0.0169964786618948,0.29606810212135315,0.49431872367858887,-0.022913610562682152,0.3532543182373047,0.35545963048934937,-0.048998259007930756,0.39694541692733765,0.28370198607444763,-0.06377898156642914,0.4348256587982178,0.23808671534061432,-0.07150983065366745,0.31137585639953613,0.5275775194168091,-0.04506701976060867,0.39412879943847656,0.3944118916988373,-0.06800797581672668,0.45596686005592346,0.3426436185836792,-0.07968135178089142,0.5047281980514526,0.3220737874507904,-0.08612512052059174,0.33176055550575256,0.5864290595054626,-0.06512570381164551,0.4332469403743744,0.4959065914154053,-0.08497333526611328,0.4936627447605133,0.4881906509399414,-0.09034641087055206,0.5353766679763794,0.49331480264663696,-0.09191366285085678,0.3537546396255493,0.6617636680603027,-0.08379141241312027,0.4387633204460144,0.6222182512283325,-0.09594166278839111,0.4853522777557373,0.6189454197883606,-0.0946098044514656,0.5206063985824585,0.6180113554000854,-0.09152152389287949
